/*
 Navicat Premium Dump SQL

 Source Server         : 纸片社云端数据库
 Source Server Type    : MySQL
 Source Server Version : 80030 (8.0.30-cynos)
 Source Host           : sh-cynosdbmysql-grp-0gdb5fkg.sql.tencentcdb.com:28223
 Source Schema         : paper_society

 Target Server Type    : MySQL
 Target Server Version : 80030 (8.0.30-cynos)
 File Encoding         : 65001

 Date: 04/12/2024 11:38:17
*/

SET NAMES utf8mb4;
SET FOREIGN_KEY_CHECKS = 0;

-- ----------------------------
-- Table structure for girl_statistics
-- ----------------------------
DROP TABLE IF EXISTS `girl_statistics`;
CREATE TABLE `girl_statistics` (
  `id` int NOT NULL AUTO_INCREMENT,
  `girl_id` int NOT NULL,
  `card_num` int DEFAULT '0',
  `like_num` int DEFAULT '0',
  `rate_num_one` int DEFAULT '0',
  `rate_num_two` int DEFAULT '0',
  `rate_num_three` int DEFAULT '0',
  `rate_num_four` int DEFAULT '0',
  `rate_num_five` int DEFAULT '0',
  PRIMARY KEY (`id`),
  KEY `girl_id` (`girl_id`)
) ENGINE=InnoDB AUTO_INCREMENT=102 DEFAULT CHARSET=utf8mb4 COLLATE=utf8mb4_general_ci;

-- ----------------------------
-- Records of girl_statistics
-- ----------------------------
BEGIN;
INSERT INTO `girl_statistics` (`id`, `girl_id`, `card_num`, `like_num`, `rate_num_one`, `rate_num_two`, `rate_num_three`, `rate_num_four`, `rate_num_five`) VALUES (1, 1, 0, 0, 0, 0, 0, 0, 0);
INSERT INTO `girl_statistics` (`id`, `girl_id`, `card_num`, `like_num`, `rate_num_one`, `rate_num_two`, `rate_num_three`, `rate_num_four`, `rate_num_five`) VALUES (2, 2, 0, 0, 0, 0, 0, 0, 0);
INSERT INTO `girl_statistics` (`id`, `girl_id`, `card_num`, `like_num`, `rate_num_one`, `rate_num_two`, `rate_num_three`, `rate_num_four`, `rate_num_five`) VALUES (3, 3, 0, 0, 0, 0, 0, 0, 0);
INSERT INTO `girl_statistics` (`id`, `girl_id`, `card_num`, `like_num`, `rate_num_one`, `rate_num_two`, `rate_num_three`, `rate_num_four`, `rate_num_five`) VALUES (4, 4, 2, 1, 0, 0, 0, 0, 1);
INSERT INTO `girl_statistics` (`id`, `girl_id`, `card_num`, `like_num`, `rate_num_one`, `rate_num_two`, `rate_num_three`, `rate_num_four`, `rate_num_five`) VALUES (5, 5, 1, 1, 0, 0, 0, 0, 1);
INSERT INTO `girl_statistics` (`id`, `girl_id`, `card_num`, `like_num`, `rate_num_one`, `rate_num_two`, `rate_num_three`, `rate_num_four`, `rate_num_five`) VALUES (6, 6, 0, 0, 0, 0, 0, 0, 1);
INSERT INTO `girl_statistics` (`id`, `girl_id`, `card_num`, `like_num`, `rate_num_one`, `rate_num_two`, `rate_num_three`, `rate_num_four`, `rate_num_five`) VALUES (7, 7, 2, 2, 0, 0, 0, 0, 2);
INSERT INTO `girl_statistics` (`id`, `girl_id`, `card_num`, `like_num`, `rate_num_one`, `rate_num_two`, `rate_num_three`, `rate_num_four`, `rate_num_five`) VALUES (8, 8, 0, 0, 0, 0, 0, 0, 1);
INSERT INTO `girl_statistics` (`id`, `girl_id`, `card_num`, `like_num`, `rate_num_one`, `rate_num_two`, `rate_num_three`, `rate_num_four`, `rate_num_five`) VALUES (9, 9, 0, 0, 0, 0, 0, 0, 0);
INSERT INTO `girl_statistics` (`id`, `girl_id`, `card_num`, `like_num`, `rate_num_one`, `rate_num_two`, `rate_num_three`, `rate_num_four`, `rate_num_five`) VALUES (10, 10, 0, 0, 0, 0, 0, 0, 0);
INSERT INTO `girl_statistics` (`id`, `girl_id`, `card_num`, `like_num`, `rate_num_one`, `rate_num_two`, `rate_num_three`, `rate_num_four`, `rate_num_five`) VALUES (11, 11, 0, 0, 0, 0, 0, 0, 0);
INSERT INTO `girl_statistics` (`id`, `girl_id`, `card_num`, `like_num`, `rate_num_one`, `rate_num_two`, `rate_num_three`, `rate_num_four`, `rate_num_five`) VALUES (12, 12, 0, 0, 0, 0, 0, 0, 0);
INSERT INTO `girl_statistics` (`id`, `girl_id`, `card_num`, `like_num`, `rate_num_one`, `rate_num_two`, `rate_num_three`, `rate_num_four`, `rate_num_five`) VALUES (13, 13, 0, 0, 0, 0, 0, 0, 0);
INSERT INTO `girl_statistics` (`id`, `girl_id`, `card_num`, `like_num`, `rate_num_one`, `rate_num_two`, `rate_num_three`, `rate_num_four`, `rate_num_five`) VALUES (14, 14, 1, 1, 0, 0, 0, 0, 0);
INSERT INTO `girl_statistics` (`id`, `girl_id`, `card_num`, `like_num`, `rate_num_one`, `rate_num_two`, `rate_num_three`, `rate_num_four`, `rate_num_five`) VALUES (15, 15, 1, 0, 0, 0, 0, 0, 1);
INSERT INTO `girl_statistics` (`id`, `girl_id`, `card_num`, `like_num`, `rate_num_one`, `rate_num_two`, `rate_num_three`, `rate_num_four`, `rate_num_five`) VALUES (16, 16, 1, 0, 0, 0, 0, 0, 1);
INSERT INTO `girl_statistics` (`id`, `girl_id`, `card_num`, `like_num`, `rate_num_one`, `rate_num_two`, `rate_num_three`, `rate_num_four`, `rate_num_five`) VALUES (17, 17, 1, 0, 0, 0, 0, 0, 1);
INSERT INTO `girl_statistics` (`id`, `girl_id`, `card_num`, `like_num`, `rate_num_one`, `rate_num_two`, `rate_num_three`, `rate_num_four`, `rate_num_five`) VALUES (18, 18, 0, 0, 0, 0, 0, 0, 0);
INSERT INTO `girl_statistics` (`id`, `girl_id`, `card_num`, `like_num`, `rate_num_one`, `rate_num_two`, `rate_num_three`, `rate_num_four`, `rate_num_five`) VALUES (19, 19, 2, 1, 0, 0, 0, 0, 1);
INSERT INTO `girl_statistics` (`id`, `girl_id`, `card_num`, `like_num`, `rate_num_one`, `rate_num_two`, `rate_num_three`, `rate_num_four`, `rate_num_five`) VALUES (20, 20, 2, 1, 0, 0, 0, 0, 2);
INSERT INTO `girl_statistics` (`id`, `girl_id`, `card_num`, `like_num`, `rate_num_one`, `rate_num_two`, `rate_num_three`, `rate_num_four`, `rate_num_five`) VALUES (21, 21, 0, 0, 0, 0, 0, 0, 0);
INSERT INTO `girl_statistics` (`id`, `girl_id`, `card_num`, `like_num`, `rate_num_one`, `rate_num_two`, `rate_num_three`, `rate_num_four`, `rate_num_five`) VALUES (22, 22, 1, 0, 0, 0, 0, 0, 0);
INSERT INTO `girl_statistics` (`id`, `girl_id`, `card_num`, `like_num`, `rate_num_one`, `rate_num_two`, `rate_num_three`, `rate_num_four`, `rate_num_five`) VALUES (23, 23, 0, 0, 0, 0, 0, 0, 0);
INSERT INTO `girl_statistics` (`id`, `girl_id`, `card_num`, `like_num`, `rate_num_one`, `rate_num_two`, `rate_num_three`, `rate_num_four`, `rate_num_five`) VALUES (24, 24, 1, 0, 0, 0, 0, 0, 0);
INSERT INTO `girl_statistics` (`id`, `girl_id`, `card_num`, `like_num`, `rate_num_one`, `rate_num_two`, `rate_num_three`, `rate_num_four`, `rate_num_five`) VALUES (25, 25, 0, 0, 0, 0, 0, 0, 0);
INSERT INTO `girl_statistics` (`id`, `girl_id`, `card_num`, `like_num`, `rate_num_one`, `rate_num_two`, `rate_num_three`, `rate_num_four`, `rate_num_five`) VALUES (26, 26, 0, 1, 0, 0, 0, 0, 0);
INSERT INTO `girl_statistics` (`id`, `girl_id`, `card_num`, `like_num`, `rate_num_one`, `rate_num_two`, `rate_num_three`, `rate_num_four`, `rate_num_five`) VALUES (27, 27, 0, 0, 0, 0, 0, 0, 0);
INSERT INTO `girl_statistics` (`id`, `girl_id`, `card_num`, `like_num`, `rate_num_one`, `rate_num_two`, `rate_num_three`, `rate_num_four`, `rate_num_five`) VALUES (28, 28, 1, 1, 0, 0, 0, 0, 2);
INSERT INTO `girl_statistics` (`id`, `girl_id`, `card_num`, `like_num`, `rate_num_one`, `rate_num_two`, `rate_num_three`, `rate_num_four`, `rate_num_five`) VALUES (29, 29, 1, 0, 0, 0, 0, 0, 2);
INSERT INTO `girl_statistics` (`id`, `girl_id`, `card_num`, `like_num`, `rate_num_one`, `rate_num_two`, `rate_num_three`, `rate_num_four`, `rate_num_five`) VALUES (30, 30, 0, 0, 0, 0, 0, 0, 0);
INSERT INTO `girl_statistics` (`id`, `girl_id`, `card_num`, `like_num`, `rate_num_one`, `rate_num_two`, `rate_num_three`, `rate_num_four`, `rate_num_five`) VALUES (31, 31, 0, 0, 0, 0, 0, 0, 1);
INSERT INTO `girl_statistics` (`id`, `girl_id`, `card_num`, `like_num`, `rate_num_one`, `rate_num_two`, `rate_num_three`, `rate_num_four`, `rate_num_five`) VALUES (32, 32, 1, 0, 0, 0, 0, 0, 2);
INSERT INTO `girl_statistics` (`id`, `girl_id`, `card_num`, `like_num`, `rate_num_one`, `rate_num_two`, `rate_num_three`, `rate_num_four`, `rate_num_five`) VALUES (33, 33, 4, 1, 0, 0, 0, 0, 2);
INSERT INTO `girl_statistics` (`id`, `girl_id`, `card_num`, `like_num`, `rate_num_one`, `rate_num_two`, `rate_num_three`, `rate_num_four`, `rate_num_five`) VALUES (34, 34, 2, 0, 0, 0, 0, 0, 1);
INSERT INTO `girl_statistics` (`id`, `girl_id`, `card_num`, `like_num`, `rate_num_one`, `rate_num_two`, `rate_num_three`, `rate_num_four`, `rate_num_five`) VALUES (35, 35, 1, 0, 0, 0, 0, 0, 0);
INSERT INTO `girl_statistics` (`id`, `girl_id`, `card_num`, `like_num`, `rate_num_one`, `rate_num_two`, `rate_num_three`, `rate_num_four`, `rate_num_five`) VALUES (36, 36, 1, 0, 0, 0, 0, 0, 1);
INSERT INTO `girl_statistics` (`id`, `girl_id`, `card_num`, `like_num`, `rate_num_one`, `rate_num_two`, `rate_num_three`, `rate_num_four`, `rate_num_five`) VALUES (37, 37, 4, 1, 0, 0, 0, 0, 0);
INSERT INTO `girl_statistics` (`id`, `girl_id`, `card_num`, `like_num`, `rate_num_one`, `rate_num_two`, `rate_num_three`, `rate_num_four`, `rate_num_five`) VALUES (38, 38, 1, 1, 0, 0, 0, 0, 0);
INSERT INTO `girl_statistics` (`id`, `girl_id`, `card_num`, `like_num`, `rate_num_one`, `rate_num_two`, `rate_num_three`, `rate_num_four`, `rate_num_five`) VALUES (39, 39, 1, 1, 0, 0, 0, 0, 1);
INSERT INTO `girl_statistics` (`id`, `girl_id`, `card_num`, `like_num`, `rate_num_one`, `rate_num_two`, `rate_num_three`, `rate_num_four`, `rate_num_five`) VALUES (40, 40, 0, 0, 0, 0, 0, 0, 0);
INSERT INTO `girl_statistics` (`id`, `girl_id`, `card_num`, `like_num`, `rate_num_one`, `rate_num_two`, `rate_num_three`, `rate_num_four`, `rate_num_five`) VALUES (41, 41, 1, 1, 0, 0, 0, 0, 1);
INSERT INTO `girl_statistics` (`id`, `girl_id`, `card_num`, `like_num`, `rate_num_one`, `rate_num_two`, `rate_num_three`, `rate_num_four`, `rate_num_five`) VALUES (42, 42, 0, 0, 0, 0, 0, 0, 0);
INSERT INTO `girl_statistics` (`id`, `girl_id`, `card_num`, `like_num`, `rate_num_one`, `rate_num_two`, `rate_num_three`, `rate_num_four`, `rate_num_five`) VALUES (43, 43, 1, 0, 0, 0, 0, 0, 0);
INSERT INTO `girl_statistics` (`id`, `girl_id`, `card_num`, `like_num`, `rate_num_one`, `rate_num_two`, `rate_num_three`, `rate_num_four`, `rate_num_five`) VALUES (44, 44, 0, 0, 0, 0, 0, 0, 0);
INSERT INTO `girl_statistics` (`id`, `girl_id`, `card_num`, `like_num`, `rate_num_one`, `rate_num_two`, `rate_num_three`, `rate_num_four`, `rate_num_five`) VALUES (45, 45, 1, 1, 0, 0, 0, 0, 0);
INSERT INTO `girl_statistics` (`id`, `girl_id`, `card_num`, `like_num`, `rate_num_one`, `rate_num_two`, `rate_num_three`, `rate_num_four`, `rate_num_five`) VALUES (46, 46, 0, 0, 0, 0, 0, 0, 0);
INSERT INTO `girl_statistics` (`id`, `girl_id`, `card_num`, `like_num`, `rate_num_one`, `rate_num_two`, `rate_num_three`, `rate_num_four`, `rate_num_five`) VALUES (47, 47, 0, 0, 0, 0, 0, 0, 0);
INSERT INTO `girl_statistics` (`id`, `girl_id`, `card_num`, `like_num`, `rate_num_one`, `rate_num_two`, `rate_num_three`, `rate_num_four`, `rate_num_five`) VALUES (48, 48, 0, 0, 0, 0, 0, 0, 0);
INSERT INTO `girl_statistics` (`id`, `girl_id`, `card_num`, `like_num`, `rate_num_one`, `rate_num_two`, `rate_num_three`, `rate_num_four`, `rate_num_five`) VALUES (49, 49, 0, 0, 0, 0, 0, 0, 0);
INSERT INTO `girl_statistics` (`id`, `girl_id`, `card_num`, `like_num`, `rate_num_one`, `rate_num_two`, `rate_num_three`, `rate_num_four`, `rate_num_five`) VALUES (50, 50, 0, 0, 0, 0, 0, 0, 0);
INSERT INTO `girl_statistics` (`id`, `girl_id`, `card_num`, `like_num`, `rate_num_one`, `rate_num_two`, `rate_num_three`, `rate_num_four`, `rate_num_five`) VALUES (51, 51, 2, 1, 0, 0, 0, 0, 2);
INSERT INTO `girl_statistics` (`id`, `girl_id`, `card_num`, `like_num`, `rate_num_one`, `rate_num_two`, `rate_num_three`, `rate_num_four`, `rate_num_five`) VALUES (52, 52, 0, 0, 0, 0, 0, 0, 0);
INSERT INTO `girl_statistics` (`id`, `girl_id`, `card_num`, `like_num`, `rate_num_one`, `rate_num_two`, `rate_num_three`, `rate_num_four`, `rate_num_five`) VALUES (53, 53, 1, 0, 0, 0, 0, 0, 1);
INSERT INTO `girl_statistics` (`id`, `girl_id`, `card_num`, `like_num`, `rate_num_one`, `rate_num_two`, `rate_num_three`, `rate_num_four`, `rate_num_five`) VALUES (54, 54, 0, 0, 0, 0, 0, 0, 0);
INSERT INTO `girl_statistics` (`id`, `girl_id`, `card_num`, `like_num`, `rate_num_one`, `rate_num_two`, `rate_num_three`, `rate_num_four`, `rate_num_five`) VALUES (55, 55, 1, 0, 0, 0, 0, 0, 0);
INSERT INTO `girl_statistics` (`id`, `girl_id`, `card_num`, `like_num`, `rate_num_one`, `rate_num_two`, `rate_num_three`, `rate_num_four`, `rate_num_five`) VALUES (56, 56, 0, 0, 0, 0, 0, 0, 0);
INSERT INTO `girl_statistics` (`id`, `girl_id`, `card_num`, `like_num`, `rate_num_one`, `rate_num_two`, `rate_num_three`, `rate_num_four`, `rate_num_five`) VALUES (57, 57, 2, 1, 0, 0, 0, 0, 2);
INSERT INTO `girl_statistics` (`id`, `girl_id`, `card_num`, `like_num`, `rate_num_one`, `rate_num_two`, `rate_num_three`, `rate_num_four`, `rate_num_five`) VALUES (58, 58, 0, 0, 0, 0, 0, 0, 0);
INSERT INTO `girl_statistics` (`id`, `girl_id`, `card_num`, `like_num`, `rate_num_one`, `rate_num_two`, `rate_num_three`, `rate_num_four`, `rate_num_five`) VALUES (59, 59, 1, 0, 0, 0, 0, 0, 0);
INSERT INTO `girl_statistics` (`id`, `girl_id`, `card_num`, `like_num`, `rate_num_one`, `rate_num_two`, `rate_num_three`, `rate_num_four`, `rate_num_five`) VALUES (60, 60, 0, 0, 0, 0, 0, 0, 0);
INSERT INTO `girl_statistics` (`id`, `girl_id`, `card_num`, `like_num`, `rate_num_one`, `rate_num_two`, `rate_num_three`, `rate_num_four`, `rate_num_five`) VALUES (61, 61, 0, 0, 0, 0, 0, 0, 0);
INSERT INTO `girl_statistics` (`id`, `girl_id`, `card_num`, `like_num`, `rate_num_one`, `rate_num_two`, `rate_num_three`, `rate_num_four`, `rate_num_five`) VALUES (62, 62, 1, 1, 0, 0, 0, 0, 1);
INSERT INTO `girl_statistics` (`id`, `girl_id`, `card_num`, `like_num`, `rate_num_one`, `rate_num_two`, `rate_num_three`, `rate_num_four`, `rate_num_five`) VALUES (63, 63, 1, 0, 0, 0, 0, 0, 0);
INSERT INTO `girl_statistics` (`id`, `girl_id`, `card_num`, `like_num`, `rate_num_one`, `rate_num_two`, `rate_num_three`, `rate_num_four`, `rate_num_five`) VALUES (64, 64, 0, 0, 0, 0, 0, 0, 0);
INSERT INTO `girl_statistics` (`id`, `girl_id`, `card_num`, `like_num`, `rate_num_one`, `rate_num_two`, `rate_num_three`, `rate_num_four`, `rate_num_five`) VALUES (65, 65, 0, 0, 0, 0, 0, 0, 0);
INSERT INTO `girl_statistics` (`id`, `girl_id`, `card_num`, `like_num`, `rate_num_one`, `rate_num_two`, `rate_num_three`, `rate_num_four`, `rate_num_five`) VALUES (66, 66, 0, 0, 0, 0, 0, 0, 1);
INSERT INTO `girl_statistics` (`id`, `girl_id`, `card_num`, `like_num`, `rate_num_one`, `rate_num_two`, `rate_num_three`, `rate_num_four`, `rate_num_five`) VALUES (67, 67, 1, 0, 0, 0, 0, 0, 1);
INSERT INTO `girl_statistics` (`id`, `girl_id`, `card_num`, `like_num`, `rate_num_one`, `rate_num_two`, `rate_num_three`, `rate_num_four`, `rate_num_five`) VALUES (68, 68, 0, 0, 0, 0, 0, 0, 0);
INSERT INTO `girl_statistics` (`id`, `girl_id`, `card_num`, `like_num`, `rate_num_one`, `rate_num_two`, `rate_num_three`, `rate_num_four`, `rate_num_five`) VALUES (69, 69, 0, 0, 0, 0, 0, 0, 0);
INSERT INTO `girl_statistics` (`id`, `girl_id`, `card_num`, `like_num`, `rate_num_one`, `rate_num_two`, `rate_num_three`, `rate_num_four`, `rate_num_five`) VALUES (70, 70, 0, 0, 0, 0, 0, 0, 0);
INSERT INTO `girl_statistics` (`id`, `girl_id`, `card_num`, `like_num`, `rate_num_one`, `rate_num_two`, `rate_num_three`, `rate_num_four`, `rate_num_five`) VALUES (71, 71, 0, 0, 0, 0, 0, 0, 0);
INSERT INTO `girl_statistics` (`id`, `girl_id`, `card_num`, `like_num`, `rate_num_one`, `rate_num_two`, `rate_num_three`, `rate_num_four`, `rate_num_five`) VALUES (72, 72, 0, 0, 0, 0, 0, 0, 0);
INSERT INTO `girl_statistics` (`id`, `girl_id`, `card_num`, `like_num`, `rate_num_one`, `rate_num_two`, `rate_num_three`, `rate_num_four`, `rate_num_five`) VALUES (73, 73, 1, 0, 0, 0, 0, 0, 0);
INSERT INTO `girl_statistics` (`id`, `girl_id`, `card_num`, `like_num`, `rate_num_one`, `rate_num_two`, `rate_num_three`, `rate_num_four`, `rate_num_five`) VALUES (74, 74, 2, 0, 0, 0, 0, 0, 0);
INSERT INTO `girl_statistics` (`id`, `girl_id`, `card_num`, `like_num`, `rate_num_one`, `rate_num_two`, `rate_num_three`, `rate_num_four`, `rate_num_five`) VALUES (75, 75, 0, 0, 0, 0, 0, 0, 0);
INSERT INTO `girl_statistics` (`id`, `girl_id`, `card_num`, `like_num`, `rate_num_one`, `rate_num_two`, `rate_num_three`, `rate_num_four`, `rate_num_five`) VALUES (76, 76, 0, 1, 0, 0, 0, 0, 0);
INSERT INTO `girl_statistics` (`id`, `girl_id`, `card_num`, `like_num`, `rate_num_one`, `rate_num_two`, `rate_num_three`, `rate_num_four`, `rate_num_five`) VALUES (77, 77, 0, 0, 0, 0, 0, 0, 1);
INSERT INTO `girl_statistics` (`id`, `girl_id`, `card_num`, `like_num`, `rate_num_one`, `rate_num_two`, `rate_num_three`, `rate_num_four`, `rate_num_five`) VALUES (78, 78, 1, 1, 0, 0, 0, 0, 1);
INSERT INTO `girl_statistics` (`id`, `girl_id`, `card_num`, `like_num`, `rate_num_one`, `rate_num_two`, `rate_num_three`, `rate_num_four`, `rate_num_five`) VALUES (79, 79, 1, 1, 0, 0, 0, 0, 1);
INSERT INTO `girl_statistics` (`id`, `girl_id`, `card_num`, `like_num`, `rate_num_one`, `rate_num_two`, `rate_num_three`, `rate_num_four`, `rate_num_five`) VALUES (80, 80, 0, 0, 0, 0, 0, 0, 0);
INSERT INTO `girl_statistics` (`id`, `girl_id`, `card_num`, `like_num`, `rate_num_one`, `rate_num_two`, `rate_num_three`, `rate_num_four`, `rate_num_five`) VALUES (81, 81, 0, 0, 0, 0, 0, 0, 0);
INSERT INTO `girl_statistics` (`id`, `girl_id`, `card_num`, `like_num`, `rate_num_one`, `rate_num_two`, `rate_num_three`, `rate_num_four`, `rate_num_five`) VALUES (82, 82, 0, 0, 0, 0, 0, 0, 0);
INSERT INTO `girl_statistics` (`id`, `girl_id`, `card_num`, `like_num`, `rate_num_one`, `rate_num_two`, `rate_num_three`, `rate_num_four`, `rate_num_five`) VALUES (83, 83, 0, 0, 0, 0, 0, 0, 0);
INSERT INTO `girl_statistics` (`id`, `girl_id`, `card_num`, `like_num`, `rate_num_one`, `rate_num_two`, `rate_num_three`, `rate_num_four`, `rate_num_five`) VALUES (84, 84, 0, 0, 0, 0, 0, 0, 0);
INSERT INTO `girl_statistics` (`id`, `girl_id`, `card_num`, `like_num`, `rate_num_one`, `rate_num_two`, `rate_num_three`, `rate_num_four`, `rate_num_five`) VALUES (85, 85, 0, 0, 0, 0, 0, 0, 0);
INSERT INTO `girl_statistics` (`id`, `girl_id`, `card_num`, `like_num`, `rate_num_one`, `rate_num_two`, `rate_num_three`, `rate_num_four`, `rate_num_five`) VALUES (86, 86, 5, 3, 0, 0, 0, 0, 4);
INSERT INTO `girl_statistics` (`id`, `girl_id`, `card_num`, `like_num`, `rate_num_one`, `rate_num_two`, `rate_num_three`, `rate_num_four`, `rate_num_five`) VALUES (87, 87, 0, 0, 0, 0, 0, 0, 0);
INSERT INTO `girl_statistics` (`id`, `girl_id`, `card_num`, `like_num`, `rate_num_one`, `rate_num_two`, `rate_num_three`, `rate_num_four`, `rate_num_five`) VALUES (88, 88, 0, 0, 0, 0, 0, 0, 0);
INSERT INTO `girl_statistics` (`id`, `girl_id`, `card_num`, `like_num`, `rate_num_one`, `rate_num_two`, `rate_num_three`, `rate_num_four`, `rate_num_five`) VALUES (89, 89, 0, 0, 0, 0, 0, 0, 0);
INSERT INTO `girl_statistics` (`id`, `girl_id`, `card_num`, `like_num`, `rate_num_one`, `rate_num_two`, `rate_num_three`, `rate_num_four`, `rate_num_five`) VALUES (90, 90, 0, 0, 0, 0, 0, 0, 0);
INSERT INTO `girl_statistics` (`id`, `girl_id`, `card_num`, `like_num`, `rate_num_one`, `rate_num_two`, `rate_num_three`, `rate_num_four`, `rate_num_five`) VALUES (91, 91, 0, 0, 0, 0, 0, 0, 0);
INSERT INTO `girl_statistics` (`id`, `girl_id`, `card_num`, `like_num`, `rate_num_one`, `rate_num_two`, `rate_num_three`, `rate_num_four`, `rate_num_five`) VALUES (92, 92, 0, 0, 0, 0, 0, 1, 0);
INSERT INTO `girl_statistics` (`id`, `girl_id`, `card_num`, `like_num`, `rate_num_one`, `rate_num_two`, `rate_num_three`, `rate_num_four`, `rate_num_five`) VALUES (93, 93, 0, 0, 0, 0, 0, 0, 0);
INSERT INTO `girl_statistics` (`id`, `girl_id`, `card_num`, `like_num`, `rate_num_one`, `rate_num_two`, `rate_num_three`, `rate_num_four`, `rate_num_five`) VALUES (94, 94, 0, 0, 0, 0, 0, 0, 0);
INSERT INTO `girl_statistics` (`id`, `girl_id`, `card_num`, `like_num`, `rate_num_one`, `rate_num_two`, `rate_num_three`, `rate_num_four`, `rate_num_five`) VALUES (95, 95, 0, 0, 0, 0, 0, 0, 0);
INSERT INTO `girl_statistics` (`id`, `girl_id`, `card_num`, `like_num`, `rate_num_one`, `rate_num_two`, `rate_num_three`, `rate_num_four`, `rate_num_five`) VALUES (96, 96, 0, 0, 0, 0, 0, 0, 0);
INSERT INTO `girl_statistics` (`id`, `girl_id`, `card_num`, `like_num`, `rate_num_one`, `rate_num_two`, `rate_num_three`, `rate_num_four`, `rate_num_five`) VALUES (97, 97, 0, 0, 0, 0, 0, 0, 0);
INSERT INTO `girl_statistics` (`id`, `girl_id`, `card_num`, `like_num`, `rate_num_one`, `rate_num_two`, `rate_num_three`, `rate_num_four`, `rate_num_five`) VALUES (98, 98, 0, 0, 0, 0, 0, 0, 0);
INSERT INTO `girl_statistics` (`id`, `girl_id`, `card_num`, `like_num`, `rate_num_one`, `rate_num_two`, `rate_num_three`, `rate_num_four`, `rate_num_five`) VALUES (99, 99, 0, 1, 0, 0, 0, 0, 0);
INSERT INTO `girl_statistics` (`id`, `girl_id`, `card_num`, `like_num`, `rate_num_one`, `rate_num_two`, `rate_num_three`, `rate_num_four`, `rate_num_five`) VALUES (100, 100, 0, 0, 0, 0, 0, 0, 0);
INSERT INTO `girl_statistics` (`id`, `girl_id`, `card_num`, `like_num`, `rate_num_one`, `rate_num_two`, `rate_num_three`, `rate_num_four`, `rate_num_five`) VALUES (101, 101, 1, 0, 0, 0, 0, 0, 0);
COMMIT;

-- ----------------------------
-- Table structure for girls
-- ----------------------------
DROP TABLE IF EXISTS `girls`;
CREATE TABLE `girls` (
  `id` int NOT NULL AUTO_INCREMENT,
  `name` varchar(255) COLLATE utf8mb4_general_ci NOT NULL,
  `girl_src` varchar(255) CHARACTER SET utf8mb4 COLLATE utf8mb4_general_ci DEFAULT NULL,
  `background_src` varchar(255) CHARACTER SET utf8mb4 COLLATE utf8mb4_general_ci DEFAULT NULL,
  `avatar_src` varchar(255) CHARACTER SET utf8mb4 COLLATE utf8mb4_general_ci DEFAULT NULL,
  `age` varchar(10) COLLATE utf8mb4_general_ci DEFAULT NULL,
  `hot` int DEFAULT '0',
  `average_rate` float DEFAULT '0',
  `views` int DEFAULT '0',
  `introduction` text COLLATE utf8mb4_general_ci,
  PRIMARY KEY (`id`),
  KEY `average_rate` (`average_rate`) USING BTREE,
  KEY `hot` (`hot`) USING BTREE
) ENGINE=InnoDB AUTO_INCREMENT=102 DEFAULT CHARSET=utf8mb4 COLLATE=utf8mb4_general_ci;

-- ----------------------------
-- Records of girls
-- ----------------------------
BEGIN;
INSERT INTO `girls` (`id`, `name`, `girl_src`, `background_src`, `avatar_src`, `age`, `hot`, `average_rate`, `views`, `introduction`) VALUES (1, '纸片社', 'cloud://prod-4guz1brc55a6d768.7072-prod-4guz1brc55a6d768-1330379161/images/profile/看板娘竖屏.jpg', 'cloud://prod-4guz1brc55a6d768.7072-prod-4guz1brc55a6d768-1330379161/images/profile_background/看板娘横屏.jpg', '/images/Paper_Society.jpg', '少女', 0, 0, 3, '纸片社，纸片社开发者拿AI画的看板娘，是一个粉蓝色长发的少女，性格可爱开朗。对了，简介在60-80字之间的话，排版好看一些，所以看到这里的时候就凑够了。');
INSERT INTO `girls` (`id`, `name`, `girl_src`, `background_src`, `avatar_src`, `age`, `hot`, `average_rate`, `views`, `introduction`) VALUES (2, '爱蜜莉雅', 'cloud://prod-4guz1brc55a6d768.7072-prod-4guz1brc55a6d768-1330379161/images/profile/aimiliya_profile.jpg', 'cloud://prod-4guz1brc55a6d768.7072-prod-4guz1brc55a6d768-1330379161/images/profile_background/Anime-Girl-Emilia.jpg', 'https://7072-prod-4guz1brc55a6d768-1330379161.tcb.qcloud.la/images/avatar/emilia_avatar.jpeg?sign=2cf954dba381060310569287e65311ab&t=1729660210', '少女', 0, 0, 4, '爱蜜莉雅，动漫《Re:从零开始的异世界生活》中，银色长发、绀紫瞳的半精灵少女。性格善良、温柔、呆萌，多次拯救男主角。');
INSERT INTO `girls` (`id`, `name`, `girl_src`, `background_src`, `avatar_src`, `age`, `hot`, `average_rate`, `views`, `introduction`) VALUES (3, '和泉纱雾', 'cloud://prod-4guz1brc55a6d768.7072-prod-4guz1brc55a6d768-1330379161/images/profile/hequanshawu_profile.jpeg', 'cloud://prod-4guz1brc55a6d768.7072-prod-4guz1brc55a6d768-1330379161/images/profile_background/hequanshawu_background_2_11zon.jpeg', 'cloud://prod-4guz1brc55a6d768.7072-prod-4guz1brc55a6d768-1330379161/images/avatar/hequanshawu_avatar_4_11zon.jpeg', '少女', 0, 0, 1, '和泉纱雾，动漫《埃罗芒阿老师》的女主。她是个害羞且内向的少女，常年宅在家中，但在绘画方面拥有惊人的才华，以“埃罗芒阿老师”的笔名，秘密为哥哥的小说绘制插图。');
INSERT INTO `girls` (`id`, `name`, `girl_src`, `background_src`, `avatar_src`, `age`, `hot`, `average_rate`, `views`, `introduction`) VALUES (4, '可莉', 'cloud://prod-4guz1brc55a6d768.7072-prod-4guz1brc55a6d768-1330379161/images/profile/可莉竖屏.jpg', 'cloud://prod-4guz1brc55a6d768.7072-prod-4guz1brc55a6d768-1330379161/images/profile_background/keli.jpeg', 'cloud://prod-4guz1brc55a6d768.7072-prod-4guz1brc55a6d768-1330379161/images/avatar/可莉_avatar_2.jpeg', '萝莉', 6, 5, 26, '可莉，游戏《原神》中，喜欢制作炸弹在鱼塘炸鱼的可爱小女孩，是西风骑士团的火花骑士。性格调皮、活泼，经常因为乱用炸弹被琴团长关禁闭。');
INSERT INTO `girls` (`id`, `name`, `girl_src`, `background_src`, `avatar_src`, `age`, `hot`, `average_rate`, `views`, `introduction`) VALUES (5, '明日香', 'cloud://prod-4guz1brc55a6d768.7072-prod-4guz1brc55a6d768-1330379161/images/profile/mingrixiang_profile.jpeg', 'cloud://prod-4guz1brc55a6d768.7072-prod-4guz1brc55a6d768-1330379161/images/profile_background/mingrixiang_background_5_11zon.jpg', 'cloud://prod-4guz1brc55a6d768.7072-prod-4guz1brc55a6d768-1330379161/images/avatar/mingrixiang_avatar_7_11zon.jpeg', '少女', 5, 5, 9, '明日香，动漫《新世纪福音战士》中的主要角色之一，是德国籍的eva二号机驾驶员。性格开朗、直率傲娇，表面上坚强独立，内心却渴望被认可。凭借过人的操作技术和强烈的责任感，在多次危机中力挽狂澜。');
INSERT INTO `girls` (`id`, `name`, `girl_src`, `background_src`, `avatar_src`, `age`, `hot`, `average_rate`, `views`, `introduction`) VALUES (6, '牧濑红莉栖', 'cloud://prod-4guz1brc55a6d768.7072-prod-4guz1brc55a6d768-1330379161/images/profile/mulaihongliqi_profile.jpeg', 'cloud://prod-4guz1brc55a6d768.7072-prod-4guz1brc55a6d768-1330379161/images/profile_background/mulaihongliqi_background_6_11zon.webp', 'cloud://prod-4guz1brc55a6d768.7072-prod-4guz1brc55a6d768-1330379161/images/avatar/mulaihongliqi_avatar_8_11zon.jpeg', '少女', 1, 5, 2, '牧濑红莉栖，动漫《命运石之门》的女主。她是个聪慧冷静的天才少女科学家，擅长神经科学，与男主一起研发时间机器。虽然表面理性冷淡，却不乏对人温柔体贴的一面。');
INSERT INTO `girls` (`id`, `name`, `girl_src`, `background_src`, `avatar_src`, `age`, `hot`, `average_rate`, `views`, `introduction`) VALUES (7, 'Neuro', 'cloud://prod-4guz1brc55a6d768.7072-prod-4guz1brc55a6d768-1330379161/images/profile/neuro-sama_profile.jpg', 'cloud://prod-4guz1brc55a6d768.7072-prod-4guz1brc55a6d768-1330379161/images/profile_background/Neuro_background_7_11zon.webp', 'cloud://prod-4guz1brc55a6d768.7072-prod-4guz1brc55a6d768-1330379161/images/avatar/Neurosama_avatarpng_9_11zon.jpg', '萝莉', 10, 5, 22, 'Neuro-sama，是一个虚拟AI主播，以其智能的学习和互动能力出名。她有独特的个性，能与观众实时交流，展现出机智幽默的一面，逐渐在网络中积累了大量粉丝。头上的乌龟Vedal是她的创造者。');
INSERT INTO `girls` (`id`, `name`, `girl_src`, `background_src`, `avatar_src`, `age`, `hot`, `average_rate`, `views`, `introduction`) VALUES (8, '东雪莲', 'cloud://prod-4guz1brc55a6d768.7072-prod-4guz1brc55a6d768-1330379161/images/profile/dongxuelian_profile.jpg', 'cloud://prod-4guz1brc55a6d768.7072-prod-4guz1brc55a6d768-1330379161/images/profile_background/dongxuelian_background_1_11zon.jpg', 'cloud://prod-4guz1brc55a6d768.7072-prod-4guz1brc55a6d768-1330379161/images/avatar/东雪莲_avatar_1.jpeg', '少女', 1, 5, 5, '东雪莲(東 雪蓮Seren Azuma)，是一名知名虚拟主播，中文和日文流利。因为罕见的声线，以及出色的的互动、运营能力，在哔哩哔哩等平台收获高人气，收获很多关于她的二创作品。');
INSERT INTO `girls` (`id`, `name`, `girl_src`, `background_src`, `avatar_src`, `age`, `hot`, `average_rate`, `views`, `introduction`) VALUES (9, '嘉然', 'cloud://prod-4guz1brc55a6d768.7072-prod-4guz1brc55a6d768-1330379161/images/profile/嘉然一代.png', 'cloud://prod-4guz1brc55a6d768.7072-prod-4guz1brc55a6d768-1330379161/images/profile_background/jiaran_background_3_11zon.jpeg', 'cloud://prod-4guz1brc55a6d768.7072-prod-4guz1brc55a6d768-1330379161/images/avatar/jiaran_avatar_5_11zon.jpeg', '少女', 0, 0, 1, '嘉然，是虚拟偶像团体A-SOUL的成员，以“嘉然今天吃什么”的口号出名，粉丝群体又名“嘉心糖”。她活泼开朗，热爱美食，总能带给观众欢乐，是粉丝们心中的“吃货小天使”。');
INSERT INTO `girls` (`id`, `name`, `girl_src`, `background_src`, `avatar_src`, `age`, `hot`, `average_rate`, `views`, `introduction`) VALUES (10, '克拉拉', 'cloud://prod-4guz1brc55a6d768.7072-prod-4guz1brc55a6d768-1330379161/images/profile/kelala_profile.jpeg', 'cloud://prod-4guz1brc55a6d768.7072-prod-4guz1brc55a6d768-1330379161/images/profile_background/kelala_background_4_11zon.jpg', 'cloud://prod-4guz1brc55a6d768.7072-prod-4guz1brc55a6d768-1330379161/images/avatar/kelala_avatar_6_11zon.jpeg', '萝莉', 0, 0, 1, '克拉拉，是游戏《崩坏：星穹铁道》中的角色，孤独却善良的少女，由机械伙伴“史瓦罗”照顾长大。她心地纯净，渴望人与人之间的温暖，是个柔弱却坚韧的存在。');
INSERT INTO `girls` (`id`, `name`, `girl_src`, `background_src`, `avatar_src`, `age`, `hot`, `average_rate`, `views`, `introduction`) VALUES (11, '三月七', 'cloud://prod-4guz1brc55a6d768.7072-prod-4guz1brc55a6d768-1330379161/images/profile/sanyueqi_profile.jpeg', 'cloud://prod-4guz1brc55a6d768.7072-prod-4guz1brc55a6d768-1330379161/images/profile_background/sanyueqi_background_9_11zon.jpg', 'cloud://prod-4guz1brc55a6d768.7072-prod-4guz1brc55a6d768-1330379161/images/avatar/sanyueqi_avatar_8_11zon.jpeg', '少女', 0, 0, 3, '三月七，是游戏《崩坏：星穹铁道》中的活泼少女，个性开朗，热爱冒险。她持有神秘的冰冻之力，随身携带相机，喜欢记录旅途中的点滴，是个充满好奇心的乐天派。');
INSERT INTO `girls` (`id`, `name`, `girl_src`, `background_src`, `avatar_src`, `age`, `hot`, `average_rate`, `views`, `introduction`) VALUES (12, '十四行诗', 'cloud://prod-4guz1brc55a6d768.7072-prod-4guz1brc55a6d768-1330379161/images/profile/shisihangshi_profile.jpeg', 'cloud://prod-4guz1brc55a6d768.7072-prod-4guz1brc55a6d768-1330379161/images/profile_background/shisihangshi_background_10_11zon.jpeg', 'cloud://prod-4guz1brc55a6d768.7072-prod-4guz1brc55a6d768-1330379161/images/avatar/shisihangshi_avatar_10_11zon.jpeg', '少女', 0, 0, 1, '十四行诗，游戏《重返未来：1999》中的角色，在学生时代是班级最为优秀的存在，因成绩及能力优异，目前在是圣洛夫基金会中担任分队长，作为司辰维尔汀的首席助手一起行动。');
INSERT INTO `girls` (`id`, `name`, `girl_src`, `background_src`, `avatar_src`, `age`, `hot`, `average_rate`, `views`, `introduction`) VALUES (13, '涂山苏苏', 'cloud://prod-4guz1brc55a6d768.7072-prod-4guz1brc55a6d768-1330379161/images/profile/tushansusu_profile.jpg', 'cloud://prod-4guz1brc55a6d768.7072-prod-4guz1brc55a6d768-1330379161/images/profile_background/tushansusu_background_12_11zon.jpeg', 'cloud://prod-4guz1brc55a6d768.7072-prod-4guz1brc55a6d768-1330379161/images/avatar/tushansusu_avatar_11_11zon.jpeg', '萝莉', 0, 0, 3, '涂山苏苏，是动漫《狐妖小红娘》中的可爱狐妖，纯真善良，拥有强大的灵力。她执着于帮助有情人，守护前世今生的爱情，被人们称为“红线仙”。');
INSERT INTO `girls` (`id`, `name`, `girl_src`, `background_src`, `avatar_src`, `age`, `hot`, `average_rate`, `views`, `introduction`) VALUES (14, '宵宫', 'cloud://prod-4guz1brc55a6d768.7072-prod-4guz1brc55a6d768-1330379161/images/profile/xiaogong_profile.jpeg', 'cloud://prod-4guz1brc55a6d768.7072-prod-4guz1brc55a6d768-1330379161/images/profile_background/xiaogong_background_13_11zon.jpeg', 'cloud://prod-4guz1brc55a6d768.7072-prod-4guz1brc55a6d768-1330379161/images/avatar/xiaogong_avatar.jpg', '少女', 4, 0, 9, '宵宫，是游戏《原神》中，长野原烟花店的店长。个性开朗活泼，乐于助人。她热爱烟火艺术，拥有火元素之力，喜欢用烟火点亮夜空，也是稻妻节庆中不可或缺的存在。');
INSERT INTO `girls` (`id`, `name`, `girl_src`, `background_src`, `avatar_src`, `age`, `hot`, `average_rate`, `views`, `introduction`) VALUES (15, '永雏塔菲', 'cloud://prod-4guz1brc55a6d768.7072-prod-4guz1brc55a6d768-1330379161/images/profile/yongchutafei_profile.jpeg', 'cloud://prod-4guz1brc55a6d768.7072-prod-4guz1brc55a6d768-1330379161/images/profile_background/yongchutafei_background_14_11zon.jpeg', 'cloud://prod-4guz1brc55a6d768.7072-prod-4guz1brc55a6d768-1330379161/images/avatar/yongchutafei_avatar_12_11zon.webp', '少女', 2, 5, 8, '永雏塔菲，是知名虚拟主播，粉丝群体又名“雏草姬”，活跃在哔哩哔哩等平台。她来自1885年，乘自己发明的时光机试图穿越到100年后的时空，却迟到36年来到现代，并被电子游戏吸引，不想返回过去。');
INSERT INTO `girls` (`id`, `name`, `girl_src`, `background_src`, `avatar_src`, `age`, `hot`, `average_rate`, `views`, `introduction`) VALUES (16, '爱莉希雅', 'cloud://prod-4guz1brc55a6d768.7072-prod-4guz1brc55a6d768-1330379161/images/profile/ailixiya_profile_3_11zon.jpg', 'cloud://prod-4guz1brc55a6d768.7072-prod-4guz1brc55a6d768-1330379161/images/profile_background/ailixiya_background_2_11zon.jpg', 'cloud://prod-4guz1brc55a6d768.7072-prod-4guz1brc55a6d768-1330379161/images/avatar/ailixiya_avatar_1_11zon.jpeg', '少女', 2, 5, 14, '爱莉希雅，游戏《崩坏3》的角色，英姿飒爽的粉发少女，性格开朗又充满爱心。她是“十三英桀”之一，以优雅与智慧并存而闻名，总是温暖他人，是治愈人心的存在。');
INSERT INTO `girls` (`id`, `name`, `girl_src`, `background_src`, `avatar_src`, `age`, `hot`, `average_rate`, `views`, `introduction`) VALUES (17, '伊地知虹夏', 'cloud://prod-4guz1brc55a6d768.7072-prod-4guz1brc55a6d768-1330379161/images/profile/hongxia_profile_6_11zon.jpg', 'cloud://prod-4guz1brc55a6d768.7072-prod-4guz1brc55a6d768-1330379161/images/profile_background/hongxia_background_5_11zon.webp', 'cloud://prod-4guz1brc55a6d768.7072-prod-4guz1brc55a6d768-1330379161/images/avatar/hongxia_avatar_4_11zon.jpg', '少女', 2, 5, 9, '伊地知虹夏，动漫《孤独摇滚》中，充满元气的少女，性格活泼外向，热爱音乐与生活。她是乐队的鼓手，用节奏带动团队氛围，总能以阳光般的微笑感染身边人。');
INSERT INTO `girls` (`id`, `name`, `girl_src`, `background_src`, `avatar_src`, `age`, `hot`, `average_rate`, `views`, `introduction`) VALUES (18, '蕾姆', 'cloud://prod-4guz1brc55a6d768.7072-prod-4guz1brc55a6d768-1330379161/images/profile/leimu_profile_9_11zon.jpeg', 'cloud://prod-4guz1brc55a6d768.7072-prod-4guz1brc55a6d768-1330379161/images/profile_background/leimu_background_8_11zon.jpg', 'cloud://prod-4guz1brc55a6d768.7072-prod-4guz1brc55a6d768-1330379161/images/avatar/leimu_avatar_7_11zon.jpeg', '少女', 0, 0, 3, '蕾姆，动漫《Re:从零开始的异世界生活》中蓝发双马尾的鬼族少女。她温柔善良、忠诚可靠，默默守护男主角，是该动漫中的高人气角色。');
INSERT INTO `girls` (`id`, `name`, `girl_src`, `background_src`, `avatar_src`, `age`, `hot`, `average_rate`, `views`, `introduction`) VALUES (19, '流萤', 'cloud://prod-4guz1brc55a6d768.7072-prod-4guz1brc55a6d768-1330379161/images/profile/liuying_profile_12_11zon.jpg', 'cloud://prod-4guz1brc55a6d768.7072-prod-4guz1brc55a6d768-1330379161/images/profile_background/liuying_background.jpeg', 'cloud://prod-4guz1brc55a6d768.7072-prod-4guz1brc55a6d768-1330379161/images/avatar/liuying_avatar_10_11zon.jpeg', '少女', 6, 5, 24, '流萤，游戏《崩坏：星穹铁道》的角色。她是格拉默的铁骑，拥有召唤机甲萨姆的能力。在匹诺康尼与开拓者（主角）相遇后，多次与主角并肩战斗，也带主角去秘密基地、掏空自己的积蓄给主角买蛋糕卷，收到许多玩家的喜爱。');
INSERT INTO `girls` (`id`, `name`, `girl_src`, `background_src`, `avatar_src`, `age`, `hot`, `average_rate`, `views`, `introduction`) VALUES (20, '樱岛麻衣', 'cloud://prod-4guz1brc55a6d768.7072-prod-4guz1brc55a6d768-1330379161/images/profile/mayi_profile_15_11zon.jpeg', 'cloud://prod-4guz1brc55a6d768.7072-prod-4guz1brc55a6d768-1330379161/images/profile_background/mayi_background_14_11zon.jpeg', 'cloud://prod-4guz1brc55a6d768.7072-prod-4guz1brc55a6d768-1330379161/images/avatar/mayi_avatar_13_11zon.jpeg', '少女', 7, 5, 42, '樱岛麻衣，动漫《青春猪头少年不会梦到兔女郎学姐》的女主角，身穿兔女郎装的少女，冷静聪慧却有些腹黑。她体贴温柔，与男主角之间的故事浪漫且富有深意，是许多宅男的理想型。');
INSERT INTO `girls` (`id`, `name`, `girl_src`, `background_src`, `avatar_src`, `age`, `hot`, `average_rate`, `views`, `introduction`) VALUES (21, '星野爱', 'cloud://prod-4guz1brc55a6d768.7072-prod-4guz1brc55a6d768-1330379161/images/profile/xingyeai_profile_18_11zon.jpeg', 'cloud://prod-4guz1brc55a6d768.7072-prod-4guz1brc55a6d768-1330379161/images/profile_background/xingyeai_background_17_11zon.jpeg', 'cloud://prod-4guz1brc55a6d768.7072-prod-4guz1brc55a6d768-1330379161/images/avatar/xingyeai_avatar_16_11zon.jpeg', '少女', 0, 0, 6, '星野爱，动漫《我推的孩子》的女主角，光芒四射的偶像少女，外表甜美，才华横溢。她承载着粉丝的梦想，但背后也藏着不为人知的伤痛与秘密。');
INSERT INTO `girls` (`id`, `name`, `girl_src`, `background_src`, `avatar_src`, `age`, `hot`, `average_rate`, `views`, `introduction`) VALUES (22, '周防有希', 'cloud://prod-4guz1brc55a6d768.7072-prod-4guz1brc55a6d768-1330379161/images/profile/zhoufangyouxi_profile_21_11zon.jpeg', 'cloud://prod-4guz1brc55a6d768.7072-prod-4guz1brc55a6d768-1330379161/images/profile_background/zhoufangyouxi_background_20_11zon.jpg', 'cloud://prod-4guz1brc55a6d768.7072-prod-4guz1brc55a6d768-1330379161/images/avatar/zhoufangyouxi_avatar_19_11zon.jpeg', '少女', 1, 0, 10, '周防有希，动漫《不时轻声地以俄语遮羞的邻座艾莉同学》的角色，外表优雅聪慧，手段高明，私下却调皮搞怪，对哥哥政近无下限整蛊，同时用行动撮合他与艾莉。');
INSERT INTO `girls` (`id`, `name`, `girl_src`, `background_src`, `avatar_src`, `age`, `hot`, `average_rate`, `views`, `introduction`) VALUES (23, '约尔', 'cloud://prod-4guz1brc55a6d768.7072-prod-4guz1brc55a6d768-1330379161/images/profile/yueer_profile_48_11zon.jpeg', 'cloud://prod-4guz1brc55a6d768.7072-prod-4guz1brc55a6d768-1330379161/images/profile_background/yueer_background_47_11zon.jpg', 'cloud://prod-4guz1brc55a6d768.7072-prod-4guz1brc55a6d768-1330379161/images/avatar/yueer_avatar_46_11zon.jpeg', '成女', 0, 0, 3, '约尔，动漫《间谍过家家》中温柔端庄的假妈妈，实则是闻风丧胆的“荆棘公主”顶尖杀手。平时在市政厅工作，生活中手艺笨拙、羞涩害羞，但一旦任务开启，她便展现出干净利落的武技和冷静沉着的头脑。她对家庭的守护近乎执念，无论是用她的致命技能，还是毫不犹豫地和陌生人微笑，约尔都将“保护家人”刻在骨子里。矛盾的双面身份，让她成为既危险又充满温暖的存在。');
INSERT INTO `girls` (`id`, `name`, `girl_src`, `background_src`, `avatar_src`, `age`, `hot`, `average_rate`, `views`, `introduction`) VALUES (24, '土间埋', 'cloud://prod-4guz1brc55a6d768.7072-prod-4guz1brc55a6d768-1330379161/images/profile/xiaomai_profile_42_11zon.jpeg', 'cloud://prod-4guz1brc55a6d768.7072-prod-4guz1brc55a6d768-1330379161/images/profile_background/xiaomai_background_41_11zon.jpeg', 'cloud://prod-4guz1brc55a6d768.7072-prod-4guz1brc55a6d768-1330379161/images/avatar/xiaomai_avatar_40_11zon.jpeg', '萝莉', 1, 0, 8, '土间埋，别名小埋，动漫《干物妹！小埋》中的双面美少女，在外是品学兼优的完美学生，回到家就变成只爱宅在家里玩游戏吃零食的小干物妹。她性格活泼开朗，喜欢恶作剧却又贴心可爱，总能用自己的方式给身边的人带来温暖和欢笑。');
INSERT INTO `girls` (`id`, `name`, `girl_src`, `background_src`, `avatar_src`, `age`, `hot`, `average_rate`, `views`, `introduction`) VALUES (25, '小鸟游六花', 'cloud://prod-4guz1brc55a6d768.7072-prod-4guz1brc55a6d768-1330379161/images/profile/xiaoniaoyouliuhua_profile_45_11zon.jpeg', 'cloud://prod-4guz1brc55a6d768.7072-prod-4guz1brc55a6d768-1330379161/images/profile_background/xiaoniaoyouliuhua_background_44_11zon.jpeg', 'cloud://prod-4guz1brc55a6d768.7072-prod-4guz1brc55a6d768-1330379161/images/avatar/xiaoniaoyouliuhua_avatar_43_11zon.jpeg', '少女', 0, 0, 2, '小鸟游六花，动漫《中二病也要谈恋爱！》中的中二少女，自称“邪王真眼”的继承者，常常带着神秘的眼罩和中二满满的道具。她性格害羞又倔强，对幻想世界充满热情，同时也有着一颗细腻柔软的内心。她的奇思妙想和天真可爱，总能为大家带来无尽的欢笑与感动。');
INSERT INTO `girls` (`id`, `name`, `girl_src`, `background_src`, `avatar_src`, `age`, `hot`, `average_rate`, `views`, `introduction`) VALUES (26, '藤原千花', 'cloud://prod-4guz1brc55a6d768.7072-prod-4guz1brc55a6d768-1330379161/images/profile/tengyuanqianhua_profile_39_11zon.jpeg', 'cloud://prod-4guz1brc55a6d768.7072-prod-4guz1brc55a6d768-1330379161/images/profile_background/tengyuanqianhua_background_38_11zon.jpg', 'cloud://prod-4guz1brc55a6d768.7072-prod-4guz1brc55a6d768-1330379161/images/avatar/tengyuanqianhua_avatar_37_11zon.jpeg', '少女', 3, 0, 5, '藤原千花，动漫《辉夜大小姐想让我告白》中的学生会书记，个性活泼，充满奇思妙想，总能用意想不到的方式“帮助”朋友。她天真无邪却深藏“黑暗本质”，擅长音乐与游戏，是学生会的欢乐源泉，却常常无意间把他人逼到崩溃边缘，是个让人又爱又恨的可爱存在。');
INSERT INTO `girls` (`id`, `name`, `girl_src`, `background_src`, `avatar_src`, `age`, `hot`, `average_rate`, `views`, `introduction`) VALUES (27, '四宫辉夜', 'cloud://prod-4guz1brc55a6d768.7072-prod-4guz1brc55a6d768-1330379161/images/profile/sigonghuiye_profile_36_11zon.jpg', 'cloud://prod-4guz1brc55a6d768.7072-prod-4guz1brc55a6d768-1330379161/images/profile_background/sigonghuiye_background_35_11zon.jpg', 'cloud://prod-4guz1brc55a6d768.7072-prod-4guz1brc55a6d768-1330379161/images/avatar/sigonghuiye_avatar_34_11zon.jpeg', '少女', 0, 0, 2, '四宫辉夜，动漫《辉夜大小姐想让我告白》中的学生会副会长，出身名门、气质高贵，表面冷静克制，实则是个傲娇又有些天真的少女。她智商爆表却情商“卡壳”，与白银会长斗智斗勇，试图在恋爱中占据上风。内心戏极其丰富，高冷外表下隐藏着纯真的少女心。');
INSERT INTO `girls` (`id`, `name`, `girl_src`, `background_src`, `avatar_src`, `age`, `hot`, `average_rate`, `views`, `introduction`) VALUES (28, '妮露', 'cloud://prod-4guz1brc55a6d768.7072-prod-4guz1brc55a6d768-1330379161/images/profile/nilu_profile_30_11zon.jpeg', 'cloud://prod-4guz1brc55a6d768.7072-prod-4guz1brc55a6d768-1330379161/images/profile_background/nilu_background_29_11zon.jpeg', 'cloud://prod-4guz1brc55a6d768.7072-prod-4guz1brc55a6d768-1330379161/images/avatar/nilu_avatar_28_11zon.jpeg', '少女', 6, 5, 25, '妮露，游戏《原神》中的草神之舞的舞者，拥有温柔与灵动兼具的气质。她是须弥知名舞剧团的明星舞姬，以曼妙的舞姿和动人的旋律赢得无数观众的心。虽然性格腼腆，但在舞台上她尽显自信，将自己的情感通过舞蹈传递给每一个人，是须弥的璀璨明珠。');
INSERT INTO `girls` (`id`, `name`, `girl_src`, `background_src`, `avatar_src`, `age`, `hot`, `average_rate`, `views`, `introduction`) VALUES (29, '神里绫华', 'cloud://prod-4guz1brc55a6d768.7072-prod-4guz1brc55a6d768-1330379161/images/profile/shenlilinghua_profile_33_11zon.jpeg', 'cloud://prod-4guz1brc55a6d768.7072-prod-4guz1brc55a6d768-1330379161/images/profile_background/shenlilinghua_background_32_11zon.jpg', 'cloud://prod-4guz1brc55a6d768.7072-prod-4guz1brc55a6d768-1330379161/images/avatar/shenlilinghua_avatar_31_11zon.jpeg', '少女', 3, 5, 10, '神里绫华，游戏《原神》中的神里家大小姐，被誉为“白鹭公主”。她温文尔雅，待人彬彬有礼，却拥有强大的实力，能在战斗中展现优雅与力量的完美结合。平日里，她虽身负重任，但心底依然向往普通人的生活，是稻妻名副其实的才貌双全之人。');
INSERT INTO `girls` (`id`, `name`, `girl_src`, `background_src`, `avatar_src`, `age`, `hot`, `average_rate`, `views`, `introduction`) VALUES (30, '纳西妲', 'cloud://prod-4guz1brc55a6d768.7072-prod-4guz1brc55a6d768-1330379161/images/profile/naxida_profile_27_11zon.jpeg', 'cloud://prod-4guz1brc55a6d768.7072-prod-4guz1brc55a6d768-1330379161/images/profile_background/naxida_background_26_11zon.jpg', 'cloud://prod-4guz1brc55a6d768.7072-prod-4guz1brc55a6d768-1330379161/images/avatar/naxida_avatar_25_11zon.jpeg', '萝莉', 0, 0, 1, '纳西妲，游戏《原神》中须弥的草神，象征智慧与生命的“小吉祥草王”。外表娇小可爱，内心却沉稳睿智，她用自己独特的方式关怀着须弥的人民。尽管地位尊贵，她却没有丝毫距离感，时常用轻声细语和善良的心灵为人们解答疑惑，是须弥的守护者与希望的象征。');
INSERT INTO `girls` (`id`, `name`, `girl_src`, `background_src`, `avatar_src`, `age`, `hot`, `average_rate`, `views`, `introduction`) VALUES (31, '梅花十三', 'cloud://prod-4guz1brc55a6d768.7072-prod-4guz1brc55a6d768-1330379161/images/profile/meihuashisan_profile_24_11zon.jpeg', 'cloud://prod-4guz1brc55a6d768.7072-prod-4guz1brc55a6d768-1330379161/images/profile_background/meihuashisan_background_23_11zon.jpeg', 'cloud://prod-4guz1brc55a6d768.7072-prod-4guz1brc55a6d768-1330379161/images/avatar/meihuashisan_avatar_22_11zon.jpeg', '成女', 1, 5, 7, '梅花十三，动画《刺客伍六七》中的冷艳女剑客，身手敏捷，剑法出神入化，是玄武国最顶尖的刺客之一。外表高冷，但内心柔软，对伍六七的感情复杂而深沉。她孤身行走于风雨中，却始终守护着自己的信念，如同一柄绝美的剑，锋芒毕露又藏着深深的故事。');
INSERT INTO `girls` (`id`, `name`, `girl_src`, `background_src`, `avatar_src`, `age`, `hot`, `average_rate`, `views`, `introduction`) VALUES (32, '雷电将军', 'cloud://prod-4guz1brc55a6d768.7072-prod-4guz1brc55a6d768-1330379161/images/profile/leidianjiangjun_profile_21_11zon.jpeg', 'cloud://prod-4guz1brc55a6d768.7072-prod-4guz1brc55a6d768-1330379161/images/profile_background/leidianjiangjun_background_20_11zon.jpg', 'cloud://prod-4guz1brc55a6d768.7072-prod-4guz1brc55a6d768-1330379161/images/avatar/leidianjiangjun_avatar_19_11zon.jpeg', '成女', 3, 5, 12, '雷电将军，游戏《原神》中稻妻的执政者，她的身影如雷霆般肃穆威严，执掌着永恒的信念。作为稻妻的雷之神，她冷静克制，力图以不变应万变。然而，在她坚不可摧的外表下，亦藏着温柔与执着。她是一柄无双的雷鸣刀，也是一段动人的传奇诗篇。');
INSERT INTO `girls` (`id`, `name`, `girl_src`, `background_src`, `avatar_src`, `age`, `hot`, `average_rate`, `views`, `introduction`) VALUES (33, '芙宁娜', 'cloud://prod-4guz1brc55a6d768.7072-prod-4guz1brc55a6d768-1330379161/images/profile/funingna_profile_15_11zon.jpeg', 'cloud://prod-4guz1brc55a6d768.7072-prod-4guz1brc55a6d768-1330379161/images/profile_background/funingna_background_14_11zon.jpeg', 'cloud://prod-4guz1brc55a6d768.7072-prod-4guz1brc55a6d768-1330379161/images/avatar/funingna_avatar_13_11zon.jpeg', '少女', 9, 5, 37, '芙宁娜，游戏《原神》枫丹的司法之神，亦是舞台上的璀璨明星。她灵动优雅，轻纱如梦，举手投足间皆如诗画般动人。作为正义的象征，她守护着公平的裁判，但私下却流露出纯真与活泼的本性。她如水般流畅而深邃，宛如永不停歇的韵律。');
INSERT INTO `girls` (`id`, `name`, `girl_src`, `background_src`, `avatar_src`, `age`, `hot`, `average_rate`, `views`, `introduction`) VALUES (34, '胡桃', 'cloud://prod-4guz1brc55a6d768.7072-prod-4guz1brc55a6d768-1330379161/images/profile/hutao_profile_18_11zon.jpeg', 'cloud://prod-4guz1brc55a6d768.7072-prod-4guz1brc55a6d768-1330379161/images/profile_background/hutao_background_17_11zon.jpg', 'cloud://prod-4guz1brc55a6d768.7072-prod-4guz1brc55a6d768-1330379161/images/avatar/hutao_avatar_16_11zon.jpeg', '少女', 3, 5, 12, '胡桃，游戏《原神》中往生堂的堂主，带着一抹玩世不恭的笑容行走于生与死的边界。她古灵精怪、天马行空，喜欢用幽默化解沉重的话题，却对逝者的仪式充满敬畏。胡桃既是带来欢笑的灵魂舞者，也是直面终焉的指引者，如一簇燃烧的幽焰，明亮而温暖。');
INSERT INTO `girls` (`id`, `name`, `girl_src`, `background_src`, `avatar_src`, `age`, `hot`, `average_rate`, `views`, `introduction`) VALUES (35, '后藤一里', 'cloud://prod-4guz1brc55a6d768.7072-prod-4guz1brc55a6d768-1330379161/images/profile/boqijiang_profile_12_11zon.jpeg', 'cloud://prod-4guz1brc55a6d768.7072-prod-4guz1brc55a6d768-1330379161/images/profile_background/boqijiang_background_11_11zon.jpg', 'cloud://prod-4guz1brc55a6d768.7072-prod-4guz1brc55a6d768-1330379161/images/avatar/boqijiang_avatar_10_11zon.jpeg', '少女', 1, 0, 12, '后藤一里，别名波奇酱，动漫《孤独摇滚》中那个总是躲在角落的害羞少女，但内心却怀揣着成为摇滚巨星的炽热梦想。她擅长吉他，音符中藏着她无法言说的情感。虽然社恐让她步履维艰，但她用真挚的音乐拉近了与伙伴们的距离。波奇酱是舞台上闪耀的音符，也是日常生活里让人忍俊不禁的可爱存在。');
INSERT INTO `girls` (`id`, `name`, `girl_src`, `background_src`, `avatar_src`, `age`, `hot`, `average_rate`, `views`, `introduction`) VALUES (36, '八重神子', 'cloud://prod-4guz1brc55a6d768.7072-prod-4guz1brc55a6d768-1330379161/images/profile/bachongshenzi_profile_6_11zon.jpeg', 'cloud://prod-4guz1brc55a6d768.7072-prod-4guz1brc55a6d768-1330379161/images/profile_background/bachongshenzi_background_5_11zon.jpeg', 'cloud://prod-4guz1brc55a6d768.7072-prod-4guz1brc55a6d768-1330379161/images/avatar/bachongshenzi_avatar_4_11zon.jpeg', '成女', 2, 5, 5, '八重神子，游戏《原神》中鸣神大社的宫司，同时也是轻小说编辑界的传奇人物。她外表妩媚，言谈间常带着捉弄人的俏皮语气，智慧深不可测，似乎没有什么能逃过她的掌控。作为一只高贵的狐，她既是雷电将军的知己，也是稻妻文化的守护者。八重神子总能用从容优雅的姿态，将人心玩弄于股掌之间，但又让人对她无法不生敬意和亲近之心。');
INSERT INTO `girls` (`id`, `name`, `girl_src`, `background_src`, `avatar_src`, `age`, `hot`, `average_rate`, `views`, `introduction`) VALUES (37, '八奈见杏菜', 'cloud://prod-4guz1brc55a6d768.7072-prod-4guz1brc55a6d768-1330379161/images/profile/banaijianxingcai_profile_9_11zon.jpeg', 'cloud://prod-4guz1brc55a6d768.7072-prod-4guz1brc55a6d768-1330379161/images/profile_background/banaijianxingcai_background_8_11zon.jpg', 'cloud://prod-4guz1brc55a6d768.7072-prod-4guz1brc55a6d768-1330379161/images/avatar/banaijianxingcai_avatar_7_11zon.jpeg', '少女', 7, 0, 28, '八奈见杏菜，动漫《败犬女主太多了！》中的“元气少女”代表，性格开朗活泼，总是元气满满地冲进每个人的生活。她是主人公的青梅竹马，也是陪伴成长的重要存在，拥有一份不服输的倔强。杏菜表面上大大咧咧，其实内心对感情格外执着。无论是运动场上的拼搏，还是与其他女主的暗中较量，她总能凭借独特的魅力让人眼前一亮，但在恋爱战场上，她却经常因为直率而落于下风，成为让人心疼的“败犬”。');
INSERT INTO `girls` (`id`, `name`, `girl_src`, `background_src`, `avatar_src`, `age`, `hot`, `average_rate`, `views`, `introduction`) VALUES (38, '阿尼亚', 'cloud://prod-4guz1brc55a6d768.7072-prod-4guz1brc55a6d768-1330379161/images/profile/aniya_profile_3_11zon.jpeg', 'cloud://prod-4guz1brc55a6d768.7072-prod-4guz1brc55a6d768-1330379161/images/profile_background/aniya_background_2_11zon.jpg', 'cloud://prod-4guz1brc55a6d768.7072-prod-4guz1brc55a6d768-1330379161/images/avatar/aniya_avatar_1_11zon.jpg', '萝莉', 4, 0, 15, '阿尼亚，动漫《间谍过家家》中的女角色，既是萌力十足的假女儿，又是意外频出的“读心术”超能力者。她对学校生活和家庭戏份充满热情，总是用无敌的表情包和金句为生活增添笑料。阿尼亚热爱“间谍”题材，却常常用她天马行空的想法制造小危机，但她的聪明伶俐与真诚善良，让所有人都对她毫无招架之力，是让人无法抗拒的小天使。');
INSERT INTO `girls` (`id`, `name`, `girl_src`, `background_src`, `avatar_src`, `age`, `hot`, `average_rate`, `views`, `introduction`) VALUES (39, '中野一花', 'cloud://prod-4guz1brc55a6d768.7072-prod-4guz1brc55a6d768-1330379161/images/profile/zhongyeyihua_profile_54_11zon.jpeg', 'cloud://prod-4guz1brc55a6d768.7072-prod-4guz1brc55a6d768-1330379161/images/profile_background/zhongyeyihua_background_53_11zon.jpg', 'cloud://prod-4guz1brc55a6d768.7072-prod-4guz1brc55a6d768-1330379161/images/avatar/zhongyeyihua_avatar_52_11zon.jpeg', '少女', 5, 5, 4, '中野一花，动漫《五等分的新娘》中温柔大方的长姐，表面是悠闲自在的“大姐姐”，实则隐藏着悄然的心机与对爱情的深深渴望。她擅长观察和揣摩别人的情绪，却时常用玩笑话掩饰自己的真实感受。工作时干练成熟，生活中却带着慵懒的可爱，是不可或缺的可靠存在。');
INSERT INTO `girls` (`id`, `name`, `girl_src`, `background_src`, `avatar_src`, `age`, `hot`, `average_rate`, `views`, `introduction`) VALUES (40, '中野二乃', 'cloud://prod-4guz1brc55a6d768.7072-prod-4guz1brc55a6d768-1330379161/images/profile/zhongyeernai_profile_42_11zon.jpeg', 'cloud://prod-4guz1brc55a6d768.7072-prod-4guz1brc55a6d768-1330379161/images/profile_background/zhongyeernai_background_41_11zon.webp', 'cloud://prod-4guz1brc55a6d768.7072-prod-4guz1brc55a6d768-1330379161/images/avatar/zhongyeernai_avatar_40_11zon.jpeg', '少女', 0, 0, 1, '中野二乃，动漫《五等分的新娘》中高冷毒舌的次女，以直率坦诚和绝对的自信著称。虽然嘴上不饶人，但对家人却极度关心，总是默默地为姐妹们付出。她善于烹饪，有着独特的生活品味，冷漠外表下隐藏着一颗火热而深情的心，充满魅力和不可替代的温暖。');
INSERT INTO `girls` (`id`, `name`, `girl_src`, `background_src`, `avatar_src`, `age`, `hot`, `average_rate`, `views`, `introduction`) VALUES (41, '中野三玖', 'cloud://prod-4guz1brc55a6d768.7072-prod-4guz1brc55a6d768-1330379161/images/profile/zhongyesanjiu_profile_45_11zon.webp', 'cloud://prod-4guz1brc55a6d768.7072-prod-4guz1brc55a6d768-1330379161/images/profile_background/zhongyesanjiu_background_44_11zon.jpeg', 'cloud://prod-4guz1brc55a6d768.7072-prod-4guz1brc55a6d768-1330379161/images/avatar/zhongyesanjiu_avatar_43_11zon.jpeg', '少女', 5, 5, 5, '中野三玖，动漫《五等分的新娘》中安静神秘的三女，性格害羞内向，钟情于历史，尤其是战国武将。她用柔弱的外表与温和的性格掩盖了深藏心底的执着。三玖的感情表达虽笨拙，却带着真诚和专一，细腻温柔的她让人无法不被其治愈与吸引。');
INSERT INTO `girls` (`id`, `name`, `girl_src`, `background_src`, `avatar_src`, `age`, `hot`, `average_rate`, `views`, `introduction`) VALUES (42, '中野四叶', 'cloud://prod-4guz1brc55a6d768.7072-prod-4guz1brc55a6d768-1330379161/images/profile/zhongyesiye_profile_48_11zon.jpeg', 'cloud://prod-4guz1brc55a6d768.7072-prod-4guz1brc55a6d768-1330379161/images/profile_background/zhongyesiye_background_47_11zon.jpg', 'cloud://prod-4guz1brc55a6d768.7072-prod-4guz1brc55a6d768-1330379161/images/avatar/zhongyesiye_avatar_46_11zon.jpeg', '少女', 0, 0, 1, '中野四叶，动漫《五等分的新娘》中活泼开朗的四女，充满元气，总是为大家带来欢声笑语。她擅长运动，行动力爆表，乐于助人，是家庭里的开心果。虽然性格大大咧咧，但内心有着不为人知的隐忍与倔强，对爱和梦想执着坚定，是最耀眼的那一束阳光。');
INSERT INTO `girls` (`id`, `name`, `girl_src`, `background_src`, `avatar_src`, `age`, `hot`, `average_rate`, `views`, `introduction`) VALUES (43, '中野五月', 'cloud://prod-4guz1brc55a6d768.7072-prod-4guz1brc55a6d768-1330379161/images/profile/zhongyewuyue_profile_51_11zon.jpeg', 'cloud://prod-4guz1brc55a6d768.7072-prod-4guz1brc55a6d768-1330379161/images/profile_background/zhongyewuyue_background_50_11zon.jpeg', 'cloud://prod-4guz1brc55a6d768.7072-prod-4guz1brc55a6d768-1330379161/images/avatar/zhongyewuyue_avatar_49_11zon.jpeg', '少女', 1, 0, 2, '中野五月，动漫《五等分的新娘》中认真勤奋的五女，学习上永不妥协，却常常被自己的嘴馋和冒失打败。她性格单纯却不失倔强，面对困境时有着不服输的坚毅。对家人充满关怀，对爱情笨拙迟钝的她，总是在不经意间展现出温柔又甜美的魅力。');
INSERT INTO `girls` (`id`, `name`, `girl_src`, `background_src`, `avatar_src`, `age`, `hot`, `average_rate`, `views`, `introduction`) VALUES (44, '御坂美琴', 'cloud://prod-4guz1brc55a6d768.7072-prod-4guz1brc55a6d768-1330379161/images/profile/yubanmeiqin_profile_39_11zon.jpeg', 'cloud://prod-4guz1brc55a6d768.7072-prod-4guz1brc55a6d768-1330379161/images/profile_background/yubanmeiqin_background_38_11zon.jpeg', 'cloud://prod-4guz1brc55a6d768.7072-prod-4guz1brc55a6d768-1330379161/images/avatar/yubanmeiqin_avatar_37_11zon.jpeg', '少女', 0, 0, 4, '御坂美琴，动漫《某科学的超电磁炮》中活泼自信的学园都市“电击公主”，排名第三的超能力者。她性格直率又稍显傲娇，面对朋友时是可靠的大姐姐，面对喜欢的人却笨拙可爱。标志性的硬币射击和强大的电磁能力让她无人能敌，但内心柔软的她，总是默默守护着身边的人。');
INSERT INTO `girls` (`id`, `name`, `girl_src`, `background_src`, `avatar_src`, `age`, `hot`, `average_rate`, `views`, `introduction`) VALUES (45, '荧', 'cloud://prod-4guz1brc55a6d768.7072-prod-4guz1brc55a6d768-1330379161/images/profile/ying_profile_36_11zon.jpeg', 'cloud://prod-4guz1brc55a6d768.7072-prod-4guz1brc55a6d768-1330379161/images/profile_background/ying_background_35_11zon.jpg', 'cloud://prod-4guz1brc55a6d768.7072-prod-4guz1brc55a6d768-1330379161/images/avatar/ying_avatar_34_11zon.jpeg', '少女', 4, 0, 11, '荧，游戏《原神》中坚韧温柔的旅行者，与哥哥失散后踏上寻找亲人的旅途。她外表柔弱，却在冒险中展现出无比的坚强与智慧。无论是帮助璃月的民众，还是协助蒙德的骑士，她都以善良与勇气赢得了人们的信赖。身为异世来客，她在提瓦特大陆留下了一段段温暖人心的传奇故事。');
INSERT INTO `girls` (`id`, `name`, `girl_src`, `background_src`, `avatar_src`, `age`, `hot`, `average_rate`, `views`, `introduction`) VALUES (46, '秧秧', 'cloud://prod-4guz1brc55a6d768.7072-prod-4guz1brc55a6d768-1330379161/images/profile/yangyang_profile_33_11zon.jpeg', 'cloud://prod-4guz1brc55a6d768.7072-prod-4guz1brc55a6d768-1330379161/images/profile_background/yangyang_background_32_11zon.jpeg', 'cloud://prod-4guz1brc55a6d768.7072-prod-4guz1brc55a6d768-1330379161/images/avatar/yangyang_avatar_31_11zon.jpeg', '少女', 0, 0, 1, '秧秧，游戏《鸣潮》中活泼机灵的探险家，以其无忧无虑的性格和敢于冒险的精神深受伙伴喜爱。她总是带着标志性的自信笑容，纵横在广袤的世界中，为未知的领域增添活力。别看她外表稚嫩，面对危机时却有着冷静果断的一面，用智慧与勇气赢得了无数赞赏，是团队中不可或缺的小太阳。');
INSERT INTO `girls` (`id`, `name`, `girl_src`, `background_src`, `avatar_src`, `age`, `hot`, `average_rate`, `views`, `introduction`) VALUES (47, '雅儿贝德', 'cloud://prod-4guz1brc55a6d768.7072-prod-4guz1brc55a6d768-1330379161/images/profile/yaerbeide_profile_30_11zon.jpeg', 'cloud://prod-4guz1brc55a6d768.7072-prod-4guz1brc55a6d768-1330379161/images/profile_background/yaerbeide_background_29_11zon.jpg', 'cloud://prod-4guz1brc55a6d768.7072-prod-4guz1brc55a6d768-1330379161/images/avatar/yaerbeide_avatar_28_11zon.webp', '少女', 0, 0, 1, '雅儿贝德，动漫《Overlord》中优雅高贵的纳萨力克大坟墓守护者总管，深深忠于安兹·乌尔·恭的绝对女仆长。她美艳动人，智慧过人，擅长运筹帷幄与掌控全局，却对安兹展现出狂热的爱意和痴迷。表面从容冷静，内心却炙热如火，这种反差使她成为纳萨力克最迷人的存在，也是众多守护者的榜样。');
INSERT INTO `girls` (`id`, `name`, `girl_src`, `background_src`, `avatar_src`, `age`, `hot`, `average_rate`, `views`, `introduction`) VALUES (48, '血小板', 'cloud://prod-4guz1brc55a6d768.7072-prod-4guz1brc55a6d768-1330379161/images/profile/xuexiaoban_profile_27_11zon.jpeg', 'cloud://prod-4guz1brc55a6d768.7072-prod-4guz1brc55a6d768-1330379161/images/profile_background/xuexiaoban_background_26_11zon.jpeg', 'cloud://prod-4guz1brc55a6d768.7072-prod-4guz1brc55a6d768-1330379161/images/avatar/xuexiaoban_avatar_25_11zon.jpg', '萝莉', 0, 0, 3, '血小板，动漫《工作细胞》中软萌可爱的“维修队”成员，负责修复血管损伤的小小英雄。她身材娇小，宛如天真无邪的小天使，却在工作中展现出令人敬佩的认真与可靠。带领着同样萌态十足的队员们，她以“稳固与修复”为使命，为身体的正常运转默默贡献着自己的力量，是细胞世界中人气爆棚的小可爱！');
INSERT INTO `girls` (`id`, `name`, `girl_src`, `background_src`, `avatar_src`, `age`, `hot`, `average_rate`, `views`, `introduction`) VALUES (49, '维尔汀', 'cloud://prod-4guz1brc55a6d768.7072-prod-4guz1brc55a6d768-1330379161/images/profile/weierting_profile_24_11zon.jpeg', 'cloud://prod-4guz1brc55a6d768.7072-prod-4guz1brc55a6d768-1330379161/images/profile_background/weierting_background_23_11zon.jpeg', 'cloud://prod-4guz1brc55a6d768.7072-prod-4guz1brc55a6d768-1330379161/images/avatar/weierting_avatar_22_11zon.jpeg', '少女', 0, 0, 2, '维尔汀，游戏《重返未来：1999》中沉稳优雅的“Time Keeper”，在繁复的卷宗中掌控未来的蛛丝马迹。她总是带着一丝神秘的微笑，睿智与冷静是她的代名词，却也不乏温柔的一面。手中的羽毛笔如利剑般精准，拥有抵御storm时间倒流的能力，她以独特的智慧与洞察力，为队伍指引方向，化解危机。');
INSERT INTO `girls` (`id`, `name`, `girl_src`, `background_src`, `avatar_src`, `age`, `hot`, `average_rate`, `views`, `introduction`) VALUES (50, '斯奈德', 'cloud://prod-4guz1brc55a6d768.7072-prod-4guz1brc55a6d768-1330379161/images/profile/sinaide_profile_21_11zon.jpg', 'cloud://prod-4guz1brc55a6d768.7072-prod-4guz1brc55a6d768-1330379161/images/profile_background/sinaide_background_20_11zon.jpg', 'cloud://prod-4guz1brc55a6d768.7072-prod-4guz1brc55a6d768-1330379161/images/avatar/sinaide_avatar_19_11zon.webp', '少女', 0, 0, 1, '斯奈德，游戏《重返未来：1999》中黑手党格雷克家族幺女，原重塑之手成员。作为芝加哥最年轻的黑帮头子，家族重任和黑帮火并是她的成年礼，但她行事间也在刻意追求某种青春气息：坦率、不羁……她会当面赠与，或践踏你想要的一切，只会留下一句：“而我必将自由。”在剧情中，斯奈德为了保护女主，献出自己的心脏，也收获许多玩家的喜爱。');
INSERT INTO `girls` (`id`, `name`, `girl_src`, `background_src`, `avatar_src`, `age`, `hot`, `average_rate`, `views`, `introduction`) VALUES (51, '时崎狂三', 'cloud://prod-4guz1brc55a6d768.7072-prod-4guz1brc55a6d768-1330379161/images/profile/shiqikuangsan_profile_18_11zon.jpeg', 'cloud://prod-4guz1brc55a6d768.7072-prod-4guz1brc55a6d768-1330379161/images/profile_background/shiqikuangsan_background_17_11zon.jpeg', 'cloud://prod-4guz1brc55a6d768.7072-prod-4guz1brc55a6d768-1330379161/images/avatar/shiqikuangsan_avatar_16_11zon.jpeg', '少女', 7, 5, 18, '时崎狂三，动漫《约会大作战》中神秘诡谲的“时之精灵”，拥有掌控时间的强大力量。她左眼的金色时钟和标志性的哥特风装扮令人印象深刻。外表妩媚优雅，实则深藏危险与复杂的过往。她行走于光明与黑暗之间，独自承受着命运的枷锁。为了改变悲剧的未来，她不惜一切代价，以狂气与温柔书写自己的篇章。');
INSERT INTO `girls` (`id`, `name`, `girl_src`, `background_src`, `avatar_src`, `age`, `hot`, `average_rate`, `views`, `introduction`) VALUES (52, '山田凉', 'cloud://prod-4guz1brc55a6d768.7072-prod-4guz1brc55a6d768-1330379161/images/profile/shantianliang_profile_15_11zon.jpeg', 'cloud://prod-4guz1brc55a6d768.7072-prod-4guz1brc55a6d768-1330379161/images/profile_background/shantianliang_background_14_11zon.jpg', 'cloud://prod-4guz1brc55a6d768.7072-prod-4guz1brc55a6d768-1330379161/images/avatar/shantianliang_avatar_13_11zon.jpeg', '少女', 0, 0, 2, '山田凉，动漫《孤独摇滚！》中天才吉他手兼乐队“Kessoku Band”的贝斯手，外表慵懒随性，内心却细腻可靠。她总是带着神秘的笑容和略显捉弄的语气，却能在关键时刻给予队友最大的支持。无论是舞台上的炫目演奏，还是私下里的机智幽默，她的存在总是为乐队注入一股不可替代的活力与温暖。');
INSERT INTO `girls` (`id`, `name`, `girl_src`, `background_src`, `avatar_src`, `age`, `hot`, `average_rate`, `views`, `introduction`) VALUES (53, '派蒙', 'cloud://prod-4guz1brc55a6d768.7072-prod-4guz1brc55a6d768-1330379161/images/profile/paimeng_profile_12_11zon.jpeg', 'cloud://prod-4guz1brc55a6d768.7072-prod-4guz1brc55a6d768-1330379161/images/profile_background/paimeng_background_11_11zon.jpg', 'cloud://prod-4guz1brc55a6d768.7072-prod-4guz1brc55a6d768-1330379161/images/avatar/paimeng_avatar_10_11zon.webp', '萝莉', 2, 5, 11, '派蒙，游戏《原神》中旅行者的可爱向导和“应急食品”（自封除外）。她机灵活泼，总能用甜美的声音吐槽或调侃，却在危机时刻展现出令人惊讶的冷静与智慧。作为冒险中的陪伴者，她对提瓦特大陆的了解无与伦比，带领玩家踏遍每一寸土地。虽然小小一只，但她的热情和能量却无限大。');
INSERT INTO `girls` (`id`, `name`, `girl_src`, `background_src`, `avatar_src`, `age`, `hot`, `average_rate`, `views`, `introduction`) VALUES (54, '今汐', 'cloud://prod-4guz1brc55a6d768.7072-prod-4guz1brc55a6d768-1330379161/images/profile/jinxi_profile_9_11zon.jpeg', 'cloud://prod-4guz1brc55a6d768.7072-prod-4guz1brc55a6d768-1330379161/images/profile_background/jinxi_background_8_11zon.jpeg', 'cloud://prod-4guz1brc55a6d768.7072-prod-4guz1brc55a6d768-1330379161/images/avatar/jinxi_avatar_7_11zon.jpeg', '少女', 0, 0, 3, '今汐，游戏《鸣潮》中的岁主「角」的共鸣者，可以驾驭与岁主「角」同频的力量。她能凝聚起惊蛰天光，春芒化雪，流转万物。她是温柔坚韧的战士，善良且充满同理心，总是以坚定的眼神面对世界的不公，用行动守护弱小。擅长使用刀剑的她，出手时迅猛凌厉，宛如海啸拍岸；但回归日常，她却像静谧的潮汐般令人安心。今汐的存在，是风暴后的港湾，是温暖与力量的象征。');
INSERT INTO `girls` (`id`, `name`, `girl_src`, `background_src`, `avatar_src`, `age`, `hot`, `average_rate`, `views`, `introduction`) VALUES (55, '加藤惠', 'cloud://prod-4guz1brc55a6d768.7072-prod-4guz1brc55a6d768-1330379161/images/profile/jiatenghui_profile_6_11zon.jpeg', 'cloud://prod-4guz1brc55a6d768.7072-prod-4guz1brc55a6d768-1330379161/images/profile_background/jiatenghui_background_5_11zon.webp', 'cloud://prod-4guz1brc55a6d768.7072-prod-4guz1brc55a6d768-1330379161/images/avatar/jiatenghui_avatar_4_11zon.jpeg', '少女', 1, 0, 4, '加藤惠，动漫《路人女主的养成方法》中平凡却独特的女主角，以低调淡然的性格令人印象深刻。她总是默默关心身边的人，用温柔而自然的方式融入大家的生活。惠的平凡中透露着温暖，言行间的细腻与真诚令人感到舒适，她的存在宛如清风般治愈人心。');
INSERT INTO `girls` (`id`, `name`, `girl_src`, `background_src`, `avatar_src`, `age`, `hot`, `average_rate`, `views`, `introduction`) VALUES (56, '长离', 'cloud://prod-4guz1brc55a6d768.7072-prod-4guz1brc55a6d768-1330379161/images/profile/changli_profile_3_11zon.jpeg', 'cloud://prod-4guz1brc55a6d768.7072-prod-4guz1brc55a6d768-1330379161/images/profile_background/changli_background_2_11zon.jpeg', 'cloud://prod-4guz1brc55a6d768.7072-prod-4guz1brc55a6d768-1330379161/images/avatar/changli_avatar_1_11zon.jpeg', '成女', 0, 0, 4, '长离，游戏《鸣潮》中的今州令尹参事长离，善于洞察并利用人性引敌入局。作为今汐的老师，她温柔耐心、循循善诱。为达成夙愿，她将自己置身棋局，与时间博弈，也与毁灭博弈。在游戏中，她作为漂泊者（主角）的引路人，引导漂泊者前往乘霄山，并将她带到今汐面前。\n\n');
INSERT INTO `girls` (`id`, `name`, `girl_src`, `background_src`, `avatar_src`, `age`, `hot`, `average_rate`, `views`, `introduction`) VALUES (57, '艾斯德斯', 'cloud://prod-4guz1brc55a6d768.7072-prod-4guz1brc55a6d768-1330379161/images/profile/aisidesi_profile_3_11zon.jpeg', 'cloud://prod-4guz1brc55a6d768.7072-prod-4guz1brc55a6d768-1330379161/images/profile_background/aisidesi_background_2_11zon.jpg', 'cloud://prod-4guz1brc55a6d768.7072-prod-4guz1brc55a6d768-1330379161/images/avatar/aisidesi_avatar_1_11zon.jpeg', '成女', 7, 5, 34, '艾斯德斯，动漫《斩·赤红之瞳》中美丽与残酷并存的将军，以强大的实力和冷酷的手段闻名。她对弱者毫不留情，却对爱人展现了温柔的一面。艾斯德斯的矛盾魅力，既令人敬畏，又令人迷恋。她是极端力量与深沉感情的化身。');
INSERT INTO `girls` (`id`, `name`, `girl_src`, `background_src`, `avatar_src`, `age`, `hot`, `average_rate`, `views`, `introduction`) VALUES (58, '赤瞳', 'cloud://prod-4guz1brc55a6d768.7072-prod-4guz1brc55a6d768-1330379161/images/profile/chitong_profile_6_11zon.jpeg', 'cloud://prod-4guz1brc55a6d768.7072-prod-4guz1brc55a6d768-1330379161/images/profile_background/chitong_background_5_11zon.jpeg', 'cloud://prod-4guz1brc55a6d768.7072-prod-4guz1brc55a6d768-1330379161/images/avatar/chitong_avatar_4_11zon.jpeg', '少女', 0, 0, 2, '赤瞳，动漫《斩·赤红之瞳》中冷静果敢的女战士，战斗中无比锋利，内心却怀抱柔软。赤瞳对伙伴的忠诚与对正义的坚持让人印象深刻。她寡言但行动坚定，每一剑都蕴含信念。赤瞳的坚强背后隐藏着温暖与深情。');
INSERT INTO `girls` (`id`, `name`, `girl_src`, `background_src`, `avatar_src`, `age`, `hot`, `average_rate`, `views`, `introduction`) VALUES (59, '初音未来', 'cloud://prod-4guz1brc55a6d768.7072-prod-4guz1brc55a6d768-1330379161/images/profile/chuyinweilai_profile_11_11zon.jpeg', 'cloud://prod-4guz1brc55a6d768.7072-prod-4guz1brc55a6d768-1330379161/images/profile_background/chuyinweilai_background_11zon.jpg', 'cloud://prod-4guz1brc55a6d768.7072-prod-4guz1brc55a6d768-1330379161/images/avatar/chuyinweilai_avatar_10_11zon.jpeg', '少女', 1, 0, 9, '初音未来，虚拟歌姬中的全球偶像，清新甜美，活力满满。她用多变的风格和治愈的歌声征服了无数粉丝。未来的形象纯净又充满想象力，是音符与二次元结合的奇迹。她不仅是艺术符号，更是粉丝心中的永恒梦想。');
INSERT INTO `girls` (`id`, `name`, `girl_src`, `background_src`, `avatar_src`, `age`, `hot`, `average_rate`, `views`, `introduction`) VALUES (60, '春日野穹', 'cloud://prod-4guz1brc55a6d768.7072-prod-4guz1brc55a6d768-1330379161/images/profile/chunriyeqiong_profile_9_11zon.jpeg', 'cloud://prod-4guz1brc55a6d768.7072-prod-4guz1brc55a6d768-1330379161/images/profile_background/chunriyeqiong_background_8_11zon.jpeg', 'cloud://prod-4guz1brc55a6d768.7072-prod-4guz1brc55a6d768-1330379161/images/avatar/chunriyeqiong_avatar_7_11zon.jpeg', '少女', 0, 0, 3, '春日野穹，游戏《缘之空》中孤傲又脆弱的少女，身上有一种难以言喻的忧郁气质。穹聪明却敏感，外表冷漠实则内心依赖。她与兄长的复杂感情线令观众纠结心动。穹的清冷与执着，像风中摇曳的花，令人为她的不幸而感慨。');
INSERT INTO `girls` (`id`, `name`, `girl_src`, `background_src`, `avatar_src`, `age`, `hot`, `average_rate`, `views`, `introduction`) VALUES (61, '鹿目圆', 'cloud://prod-4guz1brc55a6d768.7072-prod-4guz1brc55a6d768-1330379161/images/profile/lumuyuanxiang_profile_17_11zon.jpeg', 'cloud://prod-4guz1brc55a6d768.7072-prod-4guz1brc55a6d768-1330379161/images/profile_background/lumuyuanxiang_background_16_11zon.jpg', 'cloud://prod-4guz1brc55a6d768.7072-prod-4guz1brc55a6d768-1330379161/images/avatar/lumuyuanxiang_avatar_15_11zon.jpeg', '萝莉', 0, 0, 7, '鹿目圆，也译作鹿目圆香，动漫《魔法少女小圆》中善良坚韧的少女，看似普通却蕴藏着强大力量。圆香为朋友不惜牺牲自己，坚守心中的正义。她温柔细腻的性格与悲壮的命运交织，让人无不为其感动。圆香用平凡中的伟大诠释了魔法少女的真谛。');
INSERT INTO `girls` (`id`, `name`, `girl_src`, `background_src`, `avatar_src`, `age`, `hot`, `average_rate`, `views`, `introduction`) VALUES (62, '绫波丽', 'cloud://prod-4guz1brc55a6d768.7072-prod-4guz1brc55a6d768-1330379161/images/profile/lingboli_profile_14_11zon.jpeg', 'cloud://prod-4guz1brc55a6d768.7072-prod-4guz1brc55a6d768-1330379161/images/profile_background/lingboli_background_13_11zon.jpg', 'cloud://prod-4guz1brc55a6d768.7072-prod-4guz1brc55a6d768-1330379161/images/avatar/lingboli_avatar_12_11zon.jpeg', '少女', 5, 5, 6, '绫波丽，动漫《新世纪福音战士》中冷静神秘的第一适格者，沉默寡言的少女。她似乎无情，却拥有深邃的感性。丽的存在仿佛隔着一层薄雾，令人难以触及，却又忍不住去靠近。她用低调的坚韧与隐隐的温柔，为自己的人气添上独特的色彩。');
INSERT INTO `girls` (`id`, `name`, `girl_src`, `background_src`, `avatar_src`, `age`, `hot`, `average_rate`, `views`, `introduction`) VALUES (63, '南小鸟', 'cloud://prod-4guz1brc55a6d768.7072-prod-4guz1brc55a6d768-1330379161/images/profile/nanxiaoniao_profile_20_11zon.jpg', 'cloud://prod-4guz1brc55a6d768.7072-prod-4guz1brc55a6d768-1330379161/images/profile_background/nanxiaoniao_background_19_11zon.webp', 'cloud://prod-4guz1brc55a6d768.7072-prod-4guz1brc55a6d768-1330379161/images/avatar/nanxiaoniao_avatar_18_11zon.jpeg', '萝莉', 1, 0, 15, '南小鸟，动漫《LoveLive!》中的温柔治愈系少女，校服设计师与团队中不可或缺的支持者。小鸟的细腻与温柔像涓涓细流滋润人心，她对团队的执着令人动容。她用轻声细语与贴心陪伴，为《LoveLive!》的青春之歌增添了一抹宁静的温暖。');
INSERT INTO `girls` (`id`, `name`, `girl_src`, `background_src`, `avatar_src`, `age`, `hot`, `average_rate`, `views`, `introduction`) VALUES (64, '潘德拉贡', 'cloud://prod-4guz1brc55a6d768.7072-prod-4guz1brc55a6d768-1330379161/images/profile/pandelagong_profile_23_11zon.jpeg', 'cloud://prod-4guz1brc55a6d768.7072-prod-4guz1brc55a6d768-1330379161/images/profile_background/pandelagong_background_22_11zon.jpg', 'cloud://prod-4guz1brc55a6d768.7072-prod-4guz1brc55a6d768-1330379161/images/avatar/pandelagong_avatar_21_11zon.jpg', '成女', 0, 0, 3, '潘德拉贡，别名Saber，游戏《Fate/Grand Order》(简称FGO)中高贵的圆桌骑士王，秉承骑士精神与理想。她外表坚强威严，内心却柔软善良。阿尔托莉雅将责任看得比自身更重，却也渴望普通的幸福。她的坚毅与隐忍，令粉丝无不为之动容。');
INSERT INTO `girls` (`id`, `name`, `girl_src`, `background_src`, `avatar_src`, `age`, `hot`, `average_rate`, `views`, `introduction`) VALUES (65, '申鹤', 'cloud://prod-4guz1brc55a6d768.7072-prod-4guz1brc55a6d768-1330379161/images/profile/shenhe_profile_26_11zon.jpg', 'cloud://prod-4guz1brc55a6d768.7072-prod-4guz1brc55a6d768-1330379161/images/profile_background/shenhe_background_25_11zon.jpeg', 'cloud://prod-4guz1brc55a6d768.7072-prod-4guz1brc55a6d768-1330379161/images/avatar/shenhe_avatar_24_11zon.jpeg', '成女', 0, 0, 2, '申鹤，游戏《原神》中冷艳高贵的仙人，修炼多年超脱尘世却不失温情。她话少却直率，清冷的气质中透出无言的关怀。申鹤对力量与感情都有着独特的理解，她的每一次出场都让人感受到孤独与温柔并存的矛盾之美。');
INSERT INTO `girls` (`id`, `name`, `girl_src`, `background_src`, `avatar_src`, `age`, `hot`, `average_rate`, `views`, `introduction`) VALUES (66, '远坂凛', 'cloud://prod-4guz1brc55a6d768.7072-prod-4guz1brc55a6d768-1330379161/images/profile/yuanbanling_profile_29_11zon.jpeg', 'cloud://prod-4guz1brc55a6d768.7072-prod-4guz1brc55a6d768-1330379161/images/profile_background/yuanbanling_background_28_11zon.jpeg', 'cloud://prod-4guz1brc55a6d768.7072-prod-4guz1brc55a6d768-1330379161/images/avatar/yuanbanling_avatar_27_11zon.jpeg', '成女', 1, 5, 9, '远坂凛，动漫《Fate/stay night》中冷静高傲的魔术师，远坂家族的优秀继承者。她坚强独立，却在孤独中隐藏柔软的一面。凛的傲娇与真挚形成强烈反差，表面是严苛的完美主义者，内心却充满关爱。她在战斗中沉着冷静，散发着强大的吸引力。');
INSERT INTO `girls` (`id`, `name`, `girl_src`, `background_src`, `avatar_src`, `age`, `hot`, `average_rate`, `views`, `introduction`) VALUES (67, '楪祈', 'cloud://prod-4guz1brc55a6d768.7072-prod-4guz1brc55a6d768-1330379161/images/profile/dieqi_profile_3_11zon.jpeg', 'cloud://prod-4guz1brc55a6d768.7072-prod-4guz1brc55a6d768-1330379161/images/profile_background/dieqi_background_2_11zon.jpeg', 'cloud://prod-4guz1brc55a6d768.7072-prod-4guz1brc55a6d768-1330379161/images/avatar/dieqi_avatar_1_11zon.jpeg', '少女', 2, 5, 9, '楪祈，动漫《罪恶王冠》中神秘而孤独的歌姬，以优雅的姿态与冷静的眼神吸引目光。楪祈外表看似冷淡，内心却深藏对未来的希望与对朋友的珍视。她用歌声传递力量，用牺牲成全他人，其柔美与坚韧兼具的形象让人久久难忘。');
INSERT INTO `girls` (`id`, `name`, `girl_src`, `background_src`, `avatar_src`, `age`, `hot`, `average_rate`, `views`, `introduction`) VALUES (68, '灶门弥豆子', 'cloud://prod-4guz1brc55a6d768.7072-prod-4guz1brc55a6d768-1330379161/images/profile/zaomenmidouzi_profile_9_11zon.jpeg', 'cloud://prod-4guz1brc55a6d768.7072-prod-4guz1brc55a6d768-1330379161/images/profile_background/zaomenmidouzi_background_8_11zon.jpeg', 'cloud://prod-4guz1brc55a6d768.7072-prod-4guz1brc55a6d768-1330379161/images/avatar/zaomenmidouzi_avatar_7_11zon.jpeg', '萝莉', 0, 0, 3, '灶门弥豆子，动漫《鬼灭之刃》中善良坚韧的少女，虽被鬼化却始终保有人性的光辉。弥豆子外表柔弱，内心却充满对家人和伙伴的守护之心。她的沉默中流露出深切的情感，用温暖的笑容与无畏的勇气打动了无数观众，成为作品中治愈与力量的象征。');
INSERT INTO `girls` (`id`, `name`, `girl_src`, `background_src`, `avatar_src`, `age`, `hot`, `average_rate`, `views`, `introduction`) VALUES (69, '雾切响子', 'cloud://prod-4guz1brc55a6d768.7072-prod-4guz1brc55a6d768-1330379161/images/profile/wuqiexiangzi_profile_11zon.jpeg', 'cloud://prod-4guz1brc55a6d768.7072-prod-4guz1brc55a6d768-1330379161/images/profile_background/wuqiexiangzi_background_11zon.jpg', 'cloud://prod-4guz1brc55a6d768.7072-prod-4guz1brc55a6d768-1330379161/images/avatar/wuqiexiangzi_avatar_11zon.jpeg', '少女', 0, 0, 1, '雾切响子，游戏《弹丸论破》系列的主要角色，冷静理智的“超高校级的侦探”。她拥有银发紫瞳与冰山美人的外表，总是戴着手套掩盖过去的伤疤。雾切以出色的推理能力和缜密的逻辑协助主角苗木诚破案，并在绝境中给予他坚定的支持。表面冷漠，实则内心温柔，为许多玩家所喜爱。');
INSERT INTO `girls` (`id`, `name`, `girl_src`, `background_src`, `avatar_src`, `age`, `hot`, `average_rate`, `views`, `introduction`) VALUES (70, '雷电芽衣', 'cloud://prod-4guz1brc55a6d768.7072-prod-4guz1brc55a6d768-1330379161/images/profile/yayi_profile_39_11zon.jpeg', 'cloud://prod-4guz1brc55a6d768.7072-prod-4guz1brc55a6d768-1330379161/images/profile_background/yayi_background_38_11zon.jpeg', 'cloud://prod-4guz1brc55a6d768.7072-prod-4guz1brc55a6d768-1330379161/images/avatar/yayi_avatar_37_11zon.jpeg', '少女', 0, 0, 2, '雷电芽衣，游戏《崩坏3》中兼具优雅与力量的角色，以冷艳的外表与温柔的内心赢得无数粉丝喜爱。她是战斗中令人敬畏的女武神，拥有无可匹敌的剑技与雷电之力；亦是生活中细腻温暖的存在，展现了对伙伴的深情与执着。芽衣的坚毅与柔美并存，宛如风暴中闪耀的光芒，令人深深着迷。');
INSERT INTO `girls` (`id`, `name`, `girl_src`, `background_src`, `avatar_src`, `age`, `hot`, `average_rate`, `views`, `introduction`) VALUES (71, '斯卡蒂', 'cloud://prod-4guz1brc55a6d768.7072-prod-4guz1brc55a6d768-1330379161/images/profile/sikadi_profile_36_11zon.jpg', 'cloud://prod-4guz1brc55a6d768.7072-prod-4guz1brc55a6d768-1330379161/images/profile_background/sikadi_background_35_11zon.jpeg', 'cloud://prod-4guz1brc55a6d768.7072-prod-4guz1brc55a6d768-1330379161/images/avatar/sikadi_avatar_34_11zon.jpeg', '少女', 0, 0, 4, '《明日方舟》中强大而孤独的深海猎人，以冷峻的气质和出众的战斗力闻名。她游走于危机与黑暗之间，肩负着复杂的过往与使命。斯卡蒂外表冷漠，却在不经意间流露出对伙伴的关怀与责任感。她如同深海中的利刃，既神秘又致命，让人既敬畏又不禁被其吸引。');
INSERT INTO `girls` (`id`, `name`, `girl_src`, `background_src`, `avatar_src`, `age`, `hot`, `average_rate`, `views`, `introduction`) VALUES (72, '史尔特尔', 'cloud://prod-4guz1brc55a6d768.7072-prod-4guz1brc55a6d768-1330379161/images/profile/shierteer_profile_33_11zon.jpg', 'cloud://prod-4guz1brc55a6d768.7072-prod-4guz1brc55a6d768-1330379161/images/profile_background/shierteer_background_32_11zon.jpeg', 'cloud://prod-4guz1brc55a6d768.7072-prod-4guz1brc55a6d768-1330379161/images/avatar/shierteer_avatar_31_11zon.jpeg', '成女', 0, 0, 6, '史尔特尔，游戏《明日方舟》中狂傲而强大的炎之剑士，以不羁的性格和毁天灭地的力量闻名。史尔特尔内心深处渴望自由，却被过去的烙印束缚。她在战场上如火焰般炽烈，无所畏惧，但在平静时展现出微妙的孤独与深思。她是炽热与冷酷的化身，散发着难以忽视的独特魅力。');
INSERT INTO `girls` (`id`, `name`, `girl_src`, `background_src`, `avatar_src`, `age`, `hot`, `average_rate`, `views`, `introduction`) VALUES (73, '阮梅', 'cloud://prod-4guz1brc55a6d768.7072-prod-4guz1brc55a6d768-1330379161/images/profile/ruanmei_profile_30_11zon.jpeg', 'cloud://prod-4guz1brc55a6d768.7072-prod-4guz1brc55a6d768-1330379161/images/profile_background/ruanmei_background_29_11zon.jpeg', 'cloud://prod-4guz1brc55a6d768.7072-prod-4guz1brc55a6d768-1330379161/images/avatar/ruanmei_avatar_28_11zon.jpeg', '成女', 1, 0, 7, '阮梅，游戏《崩坏：星穹铁道》中气质温婉优雅的学者，「天才俱乐部」#81号会员，生命科学领域的专家。凭借天赋与惊人的执著得到了博识尊的瞩目，在秘密的角落开始了对生命本源的研究与探索。并因此被黑塔邀请，同螺丝咕姆、斯蒂芬联合开发了「模拟宇宙」。私下里，她十分喜爱传统戏剧与点心，对刺绣也很感兴趣。');
INSERT INTO `girls` (`id`, `name`, `girl_src`, `background_src`, `avatar_src`, `age`, `hot`, `average_rate`, `views`, `introduction`) VALUES (74, '毛利兰', 'cloud://prod-4guz1brc55a6d768.7072-prod-4guz1brc55a6d768-1330379161/images/profile/maolilan_profile_27_11zon.jpeg', 'cloud://prod-4guz1brc55a6d768.7072-prod-4guz1brc55a6d768-1330379161/images/profile_background/maolilan_background_26_11zon.jpg', 'cloud://prod-4guz1brc55a6d768.7072-prod-4guz1brc55a6d768-1330379161/images/avatar/maolilan_avatar_25_11zon.jpeg', '少女', 2, 0, 7, '毛利兰，动漫《名侦探柯南》中善良坚韧的高中少女，空手道实力出众，却拥有一颗柔软的心。兰温柔而坚强，对朋友与家人无比重视。她在面对危机时表现出果敢与智慧，而在爱情上却始终保有真挚的等待。兰如同阳光般温暖人心，她的坚持与纯粹让人不禁为之动容。');
INSERT INTO `girls` (`id`, `name`, `girl_src`, `background_src`, `avatar_src`, `age`, `hot`, `average_rate`, `views`, `introduction`) VALUES (75, '刻晴', 'cloud://prod-4guz1brc55a6d768.7072-prod-4guz1brc55a6d768-1330379161/images/profile/keqing_profile_24_11zon.jpeg', 'cloud://prod-4guz1brc55a6d768.7072-prod-4guz1brc55a6d768-1330379161/images/profile_background/keqing_background_23_11zon.jpeg', 'cloud://prod-4guz1brc55a6d768.7072-prod-4guz1brc55a6d768-1330379161/images/avatar/keqing_avatar_22_11zon.jpeg', '少女', 0, 0, 3, '刻晴，游戏《原神》中勤勉果断的璃月七星之一，以雷属性之力和迅捷的剑技闻名。刻晴外表干练自信，内心却怀抱对璃月未来的深切关怀。她崇尚行动胜于空谈，以坚定的信念与不懈的努力守护家园。刻晴的独立与追求理想的勇气，宛如雷霆般耀眼而充满力量，让人深深折服。');
INSERT INTO `girls` (`id`, `name`, `girl_src`, `background_src`, `avatar_src`, `age`, `hot`, `average_rate`, `views`, `introduction`) VALUES (76, '灰原哀', 'cloud://prod-4guz1brc55a6d768.7072-prod-4guz1brc55a6d768-1330379161/images/profile/huiyuanai_profile_21_11zon.jpeg', 'cloud://prod-4guz1brc55a6d768.7072-prod-4guz1brc55a6d768-1330379161/images/profile_background/huiyuanai_background_20_11zon.jpeg', 'cloud://prod-4guz1brc55a6d768.7072-prod-4guz1brc55a6d768-1330379161/images/avatar/huiyuanai_avatar_19_11zon.jpeg', '萝莉', 3, 0, 4, '灰原哀，动漫《名侦探柯南》中冷静睿智的天才少女，原黑衣组织成员，以“APTX4869”的发明者身份被卷入漩涡。她表面冷漠寡言，内心却隐藏着敏感与温暖。哀在孤独与危机中逐渐打开自己的心扉，与伙伴们建立了深厚的羁绊。她的智慧与成熟中透着少年的无助与坚韧，让人倍感怜爱与敬佩。');
INSERT INTO `girls` (`id`, `name`, `girl_src`, `background_src`, `avatar_src`, `age`, `hot`, `average_rate`, `views`, `introduction`) VALUES (77, '黄泉', 'cloud://prod-4guz1brc55a6d768.7072-prod-4guz1brc55a6d768-1330379161/images/profile/huangquan_profile_18_11zon.jpeg', 'cloud://prod-4guz1brc55a6d768.7072-prod-4guz1brc55a6d768-1330379161/images/profile_background/huangquan_background_17_11zon.jpeg', 'cloud://prod-4guz1brc55a6d768.7072-prod-4guz1brc55a6d768-1330379161/images/avatar/huangquan_avatar_16_11zon.jpeg', '成女', 1, 5, 5, '黄泉，游戏《崩坏：星穹铁道》中，自称「巡海游侠」的旅人，真名雷电·忘川守·芽衣。身佩长刀，独行于银河之间。她性格淡漠寡言，剑出如雷霆迅猛，但却从不以刀刃杀敌，仅以刀鞘应战。黄泉作为“虚无”命途的化身，掌握令使级别的力量，却声称自己并非“虚无”的令使。她的过往笼罩在谜团中，只留给人们关于出云故乡的模糊记忆。她的家乡曾被强大的“八百万神”侵袭，折剑七万三十三柄铸成“护世诏刀”，最终只留下遗憾与哀歌。黄泉以深沉的力量与孤独的气质，为星穹的世界增添了一抹神秘的色彩。');
INSERT INTO `girls` (`id`, `name`, `girl_src`, `background_src`, `avatar_src`, `age`, `hot`, `average_rate`, `views`, `introduction`) VALUES (78, '花火', 'cloud://prod-4guz1brc55a6d768.7072-prod-4guz1brc55a6d768-1330379161/images/profile/huahuo_profile_15_11zon.jpg', 'cloud://prod-4guz1brc55a6d768.7072-prod-4guz1brc55a6d768-1330379161/images/profile_background/huahuo_background_14_11zon.jpeg', 'cloud://prod-4guz1brc55a6d768.7072-prod-4guz1brc55a6d768-1330379161/images/avatar/huahuo_avatar_13_11zon.jpg', '少女', 5, 5, 15, '花火，游戏《崩坏：星穹铁道》中“假面愚者”的成员，危险的戏剧大师，擅长利用千张假面化身万种角色。花火以不择手段的扮演为乐趣，对财富、地位毫不在意。她举止古灵精怪，精通催眠与易容，随时能打破第四面墙，用戏谑与诡计搅动星际风波，是一个不可预测的角色。');
INSERT INTO `girls` (`id`, `name`, `girl_src`, `background_src`, `avatar_src`, `age`, `hot`, `average_rate`, `views`, `introduction`) VALUES (79, '甘雨', 'cloud://prod-4guz1brc55a6d768.7072-prod-4guz1brc55a6d768-1330379161/images/profile/ganyu_profile_12_11zon.jpeg', 'cloud://prod-4guz1brc55a6d768.7072-prod-4guz1brc55a6d768-1330379161/images/profile_background/ganyu_background_11_11zon.jpg', 'cloud://prod-4guz1brc55a6d768.7072-prod-4guz1brc55a6d768-1330379161/images/avatar/ganyu_avatar_10_11zon.jpg', '成女', 5, 5, 8, '甘雨，游戏《原神》中温柔恬静的璃月七星秘书，半仙半人的麒麟后裔。甘雨性格内敛、耐心十足，对工作一丝不苟，被誉为璃月港的中流砥柱。她外表娇小可爱，却拥有强大的弓箭与冰元素能力。甘雨喜爱自然与宁静，但内心深藏孤独，用温柔与责任感守护着璃月的繁荣。');
INSERT INTO `girls` (`id`, `name`, `girl_src`, `background_src`, `avatar_src`, `age`, `hot`, `average_rate`, `views`, `introduction`) VALUES (80, '布洛妮娅', 'cloud://prod-4guz1brc55a6d768.7072-prod-4guz1brc55a6d768-1330379161/images/profile/buluoniya_profile_9_11zon.jpeg', 'cloud://prod-4guz1brc55a6d768.7072-prod-4guz1brc55a6d768-1330379161/images/profile_background/buluoniya_background_8_11zon.jpeg', 'cloud://prod-4guz1brc55a6d768.7072-prod-4guz1brc55a6d768-1330379161/images/avatar/buluoniya_avatar_7_11zon.jpeg', '少女', 0, 0, 4, '布洛妮娅，游戏《崩坏3》中的核心角色，西伯利亚出身的三无少女，因战争失去双腿，依靠机甲“重装小兔”行动并战斗。作为律者之一，她冷静聪慧，擅长高科技与战术策划，却因童年经历展现出深藏的柔软和对亲友的深切关爱。她与挚友希儿之间的羁绊贯穿主线故事，是逆熵和圣芙蕾雅学园的重要成员。');
INSERT INTO `girls` (`id`, `name`, `girl_src`, `background_src`, `avatar_src`, `age`, `hot`, `average_rate`, `views`, `introduction`) VALUES (81, '阿米娅', 'cloud://prod-4guz1brc55a6d768.7072-prod-4guz1brc55a6d768-1330379161/images/profile/amiya_profile_6_11zon.jpeg', 'cloud://prod-4guz1brc55a6d768.7072-prod-4guz1brc55a6d768-1330379161/images/profile_background/amiya_background_5_11zon.jpeg', 'cloud://prod-4guz1brc55a6d768.7072-prod-4guz1brc55a6d768-1330379161/images/avatar/amiya_avatar_4_11zon.jpg', '少女', 0, 0, 5, '阿米娅，游戏《明日方舟》中的核心角色，罗德岛的公开领袖与指挥官。她以其兔耳造型和沉稳个性备受喜爱，兼具术师、近卫和医疗三种形态。作为团队灵魂，她展现了高超的法术攻击能力和全局统筹才能，同时对博士和罗德岛成员充满关怀，是一位既温柔又坚韧的领袖。');
INSERT INTO `girls` (`id`, `name`, `girl_src`, `background_src`, `avatar_src`, `age`, `hot`, `average_rate`, `views`, `introduction`) VALUES (82, '艾莉', 'cloud://prod-4guz1brc55a6d768.7072-prod-4guz1brc55a6d768-1330379161/images/profile/aili_profile_3_11zon.jpeg', 'cloud://prod-4guz1brc55a6d768.7072-prod-4guz1brc55a6d768-1330379161/images/profile_background/aili_background_2_11zon.webp', 'cloud://prod-4guz1brc55a6d768.7072-prod-4guz1brc55a6d768-1330379161/images/avatar/aili_avatar_1_11zon.jpeg', '少女', 0, 0, 3, '艾莉，动漫《不时轻声地以俄语遮羞的邻座艾莉同学》的女主角，日俄混血，学术与运动俱佳，被称为“孤高的公主殿下”。她拥有傲娇与温柔并存的个性，常用俄语对邻座的男主角久世政近表达情感。其美丽外貌与独特魅力让她成为人气角色，同时展现了甜食控和毒舌的一面。');
INSERT INTO `girls` (`id`, `name`, `girl_src`, `background_src`, `avatar_src`, `age`, `hot`, `average_rate`, `views`, `introduction`) VALUES (83, '薇尔莉特', 'cloud://prod-4guz1brc55a6d768.7072-prod-4guz1brc55a6d768-1330379161/images/profile/weierlite_profile_12_11zon.jpeg', 'cloud://prod-4guz1brc55a6d768.7072-prod-4guz1brc55a6d768-1330379161/images/profile_background/weierlite_background_11_11zon.jpeg', 'cloud://prod-4guz1brc55a6d768.7072-prod-4guz1brc55a6d768-1330379161/images/avatar/weierlite_avatar_10_11zon.jpeg', '少女', 0, 0, 1, '薇尔莉特·伊芙加登，动漫《紫罗兰永恒花园》中从战争中退役的少女士兵，拥有精致的外表和坚毅的内心。她在代写信件的工作中逐渐学会理解人类情感，温柔的字句是她真心的表达。薇尔莉特笨拙却执着地追寻“爱”的含义，坚韧与细腻兼具的她令人深感治愈。');
INSERT INTO `girls` (`id`, `name`, `girl_src`, `background_src`, `avatar_src`, `age`, `hot`, `average_rate`, `views`, `introduction`) VALUES (84, '02', 'cloud://prod-4guz1brc55a6d768.7072-prod-4guz1brc55a6d768-1330379161/images/profile/02_profile_3_11zon.jpeg', 'cloud://prod-4guz1brc55a6d768.7072-prod-4guz1brc55a6d768-1330379161/images/profile_background/02_background_2_11zon.jpg', 'cloud://prod-4guz1brc55a6d768.7072-prod-4guz1brc55a6d768-1330379161/images/avatar/02_avatar_1_11zon.jpg', '少女', 0, 0, 1, '02，动漫《DARLING in the FRANXX》中的女主角，代号“02”的人型生物兵器，性格自信张扬，外表魅惑，拥有一对标志性的红色角。她以“人外之姿”掩盖了内心对人类温情的渴望，与真嗣共同驾驶FranXX机体展开战斗。她的执着与深情，尤其是对“Darling”的无尽眷恋，让人深感震撼。');
INSERT INTO `girls` (`id`, `name`, `girl_src`, `background_src`, `avatar_src`, `age`, `hot`, `average_rate`, `views`, `introduction`) VALUES (85, '白', 'cloud://prod-4guz1brc55a6d768.7072-prod-4guz1brc55a6d768-1330379161/images/profile/bai_profile_6_11zon.jpeg', 'cloud://prod-4guz1brc55a6d768.7072-prod-4guz1brc55a6d768-1330379161/images/profile_background/bai_background_5_11zon.jpg', 'cloud://prod-4guz1brc55a6d768.7072-prod-4guz1brc55a6d768-1330379161/images/avatar/bai_avatar_4_11zon.jpg', '少女', 0, 0, 2, '白，动漫《NO GAME NO LIFE 游戏人生》中的女主角，与哥哥空组成无敌的游戏搭档“空白”。她是一位极具天才智商的少女，对逻辑和策略有着无与伦比的天赋，性格内向害羞，却在哥哥身边展现依赖与温暖。她的天真与智慧交织，令人折服，也让“空白”成为传说。');
INSERT INTO `girls` (`id`, `name`, `girl_src`, `background_src`, `avatar_src`, `age`, `hot`, `average_rate`, `views`, `introduction`) VALUES (86, '珊瑚宫心海', 'cloud://prod-4guz1brc55a6d768.7072-prod-4guz1brc55a6d768-1330379161/images/profile/shanhugongxinhai_profile_9_11zon.jpg', 'cloud://prod-4guz1brc55a6d768.7072-prod-4guz1brc55a6d768-1330379161/images/profile_background/shanhugongxinhai_background_8_11zon.jpg', 'cloud://prod-4guz1brc55a6d768.7072-prod-4guz1brc55a6d768-1330379161/images/avatar/shanhugongxinhai_avatar_7_11zon.jpg', '成女', 18, 5, 92, '珊瑚宫心海，游戏《原神》中的五星角色，稻妻地区珊瑚宫的现任大巫女和军事领袖。她以温柔聪慧的形象闻名，深受百姓信任。作为治愈系角色，她拥有强大的水元素治疗能力，是队伍中的可靠支柱。心海冷静理性，擅长制定策略，但私下却偏好阅读浪漫小说，展现了她内心柔软的一面。');
INSERT INTO `girls` (`id`, `name`, `girl_src`, `background_src`, `avatar_src`, `age`, `hot`, `average_rate`, `views`, `introduction`) VALUES (87, '亚丝娜', 'cloud://prod-4guz1brc55a6d768.7072-prod-4guz1brc55a6d768-1330379161/images/profile/yasina_profile_17_11zon.jpeg', 'cloud://prod-4guz1brc55a6d768.7072-prod-4guz1brc55a6d768-1330379161/images/profile_background/yasina_background_16_11zon.jpeg', 'cloud://prod-4guz1brc55a6d768.7072-prod-4guz1brc55a6d768-1330379161/images/avatar/yasina_avatar_15_11zon.jpeg', '少女', 0, 0, 4, '亚丝娜，动漫《刀剑神域》的女主角，是实力与智慧兼备的顶尖玩家。她在虚拟世界中展现出高超剑技和领袖风范，与桐人并肩作战，彼此相伴经历生死。同时，她温柔细腻、坚韧独立，是战场上的强者，也是生活中的理想伴侣，深受观众喜爱。');
INSERT INTO `girls` (`id`, `name`, `girl_src`, `background_src`, `avatar_src`, `age`, `hot`, `average_rate`, `views`, `introduction`) VALUES (88, '夏娜', 'cloud://prod-4guz1brc55a6d768.7072-prod-4guz1brc55a6d768-1330379161/images/profile/xiana_profile_14_11zon.jpeg', 'cloud://prod-4guz1brc55a6d768.7072-prod-4guz1brc55a6d768-1330379161/images/profile_background/xiana_background_13_11zon.jpeg', 'cloud://prod-4guz1brc55a6d768.7072-prod-4guz1brc55a6d768-1330379161/images/avatar/xiana_avatar_11zon.jpeg', '萝莉', 0, 0, 2, '夏娜，动漫《灼眼的夏娜》的女主角，是一名冷酷且强大的火雾战士，被称为“炎发灼眼的讨伐者”。她拥有火焰般耀眼的红发和红瞳，手持神器“贽殿遮那”战斗。性格坚强却略显傲娇，与主角坂井悠二在并肩作战中发展了深厚的感情。夏娜兼具战士的果敢与少女的纯真，是经典的二次元角色之一。');
INSERT INTO `girls` (`id`, `name`, `girl_src`, `background_src`, `avatar_src`, `age`, `hot`, `average_rate`, `views`, `introduction`) VALUES (89, '妮可', 'cloud://prod-4guz1brc55a6d768.7072-prod-4guz1brc55a6d768-1330379161/images/profile/nike_profile.jpeg', 'cloud://prod-4guz1brc55a6d768.7072-prod-4guz1brc55a6d768-1330379161/images/profile_background/nike_background.jpeg', 'cloud://prod-4guz1brc55a6d768.7072-prod-4guz1brc55a6d768-1330379161/images/avatar/nike_avatar.jpeg', '少女', 0, 0, 2, '妮可，游戏《绝区零》中的“狡兔屋”老板，以敏锐的商业头脑和圆滑的处事风格闻名于新艾利都。她披肩双马尾，粉发绿瞳，穿着露肩露脐的独特装扮，性格精明狡黠。尽管钟爱金钱，她的事务所却常年赤字，但妮可始终用狡猾和机智带领团队解决各种危机。');
INSERT INTO `girls` (`id`, `name`, `girl_src`, `background_src`, `avatar_src`, `age`, `hot`, `average_rate`, `views`, `introduction`) VALUES (90, '安比', 'cloud://prod-4guz1brc55a6d768.7072-prod-4guz1brc55a6d768-1330379161/images/profile/anbi_profile.jpeg', 'cloud://prod-4guz1brc55a6d768.7072-prod-4guz1brc55a6d768-1330379161/images/profile_background/anbi_background.jpeg', 'cloud://prod-4guz1brc55a6d768.7072-prod-4guz1brc55a6d768-1330379161/images/avatar/anbi_avatar.png', '少女', 0, 0, 2, '安比，游戏《绝区零》中的核心角色之一，隶属于“狡兔屋”，以干练高效的战斗风格闻名。她有着银发橙绿异瞳，穿着露脐装和过膝袜，个性冷静内敛，却对妮可表现出深厚依赖。安比对自己的过去讳莫如深，但展现出受过军事训练的痕迹。她痴迷电影，经常模仿其中情节，是个大胃王，尤其钟爱汉堡。尽管缺乏常识，但作为狡兔屋最强战力之一，安比用实力保护队友。');
INSERT INTO `girls` (`id`, `name`, `girl_src`, `background_src`, `avatar_src`, `age`, `hot`, `average_rate`, `views`, `introduction`) VALUES (91, '朱鸢', 'cloud://prod-4guz1brc55a6d768.7072-prod-4guz1brc55a6d768-1330379161/images/profile/zhuyuan_profile.jpeg', 'cloud://prod-4guz1brc55a6d768.7072-prod-4guz1brc55a6d768-1330379161/images/profile_background/zhuyuan_background.jpeg', 'cloud://prod-4guz1brc55a6d768.7072-prod-4guz1brc55a6d768-1330379161/images/avatar/zhuyuan_avatar.jpeg', '成女', 0, 0, 3, '朱鸢，游戏《绝区零》=新艾利都都市秩序部刑侦组分队长。她以冷静干练的作风和强大的战斗力闻名，深受同事和市民信赖。朱鸢有着黑红挑染的高马尾、红瞳和标志性的制服装束，佩戴耳机，武器是可变形的多功能枪械“镇暴者K22”。作为布林格长官的得意部下，她自幼因被布林格所救而立志守护都市和平，并以严谨的态度对待工作。尽管她表现出认真和优等生的一面，但偶尔的反差萌和与队员们的互动展现了她温柔有趣的一面。她的热忱和坚持使她成为刑侦特勤组的核心力量，同时也赢得了市民的尊敬和信任。');
INSERT INTO `girls` (`id`, `name`, `girl_src`, `background_src`, `avatar_src`, `age`, `hot`, `average_rate`, `views`, `introduction`) VALUES (92, '舞园沙耶香', 'cloud://prod-4guz1brc55a6d768.7072-prod-4guz1brc55a6d768-1330379161/images/profile/wuyuanshayexiang_profile.jpeg', 'cloud://prod-4guz1brc55a6d768.7072-prod-4guz1brc55a6d768-1330379161/images/profile_background/wuyuanshayexiang_background.jpeg', 'cloud://prod-4guz1brc55a6d768.7072-prod-4guz1brc55a6d768-1330379161/images/avatar/wuyuanshayexiang_avatar.jpeg', '少女', 1, 4, 2, '舞园沙耶香，游戏《弹丸论破》中登场的“超高校级的偶像”，蓝发蓝瞳，性格温柔，备受瞩目的国民偶像。她是主角苗木诚的初中校友，与他重逢于希望之峰学园，内心怀抱一份未曾表露的情感。然而，因游戏事件被卷入绝望命运，成为首位牺牲者，令人唏嘘。');
INSERT INTO `girls` (`id`, `name`, `girl_src`, `background_src`, `avatar_src`, `age`, `hot`, `average_rate`, `views`, `introduction`) VALUES (93, '雾岛董香', 'cloud://prod-4guz1brc55a6d768.7072-prod-4guz1brc55a6d768-1330379161/images/profile/wudaodongxiang_profile.jpeg', 'cloud://prod-4guz1brc55a6d768.7072-prod-4guz1brc55a6d768-1330379161/images/profile_background/wudaodongxiang_background.jpeg', 'cloud://prod-4guz1brc55a6d768.7072-prod-4guz1brc55a6d768-1330379161/images/avatar/wudaodongxiang_avatar.jpeg', '成女', 0, 0, 1, '雾岛董香，动漫《东京喰种》中，咖啡店“安定区”的服务员，实则是一名拥有强大战斗力的喰种。她外表冷酷但内心柔软，善良且富有同情心。董香与男主角金木研的关系逐渐从对抗发展为深厚的羁绊，最终两人成为夫妻。她在故事中展现出坚韧的个性和保护亲人的决心，成为了许多观众心目中的经典角色。');
INSERT INTO `girls` (`id`, `name`, `girl_src`, `background_src`, `avatar_src`, `age`, `hot`, `average_rate`, `views`, `introduction`) VALUES (94, '天野阳菜', 'cloud://prod-4guz1brc55a6d768.7072-prod-4guz1brc55a6d768-1330379161/images/profile/tianyeyangcai_profile.jpeg', 'cloud://prod-4guz1brc55a6d768.7072-prod-4guz1brc55a6d768-1330379161/images/profile_background/tianyeyangcai_background.jpeg', 'cloud://prod-4guz1brc55a6d768.7072-prod-4guz1brc55a6d768-1330379161/images/avatar/tianyeyangcai_avatar.jpeg', '少女', 0, 0, 5, '天野阳菜，动漫《天气之子》的女主角，被称为“晴女”，拥有操控天气的能力。阳光般温暖的她为了保护弟弟和生活努力打拼，性格坚韧而善良。为了帮助帆高和周围的人，她不惜牺牲自己的幸福，展现出无私的勇气与爱的力量。阳菜的明朗微笑和强大的内心让她成为观众心中的“治愈系女神”。');
INSERT INTO `girls` (`id`, `name`, `girl_src`, `background_src`, `avatar_src`, `age`, `hot`, `average_rate`, `views`, `introduction`) VALUES (95, '宫水三叶', 'cloud://prod-4guz1brc55a6d768.7072-prod-4guz1brc55a6d768-1330379161/images/profile/gongshuisanye_profile.webp', 'cloud://prod-4guz1brc55a6d768.7072-prod-4guz1brc55a6d768-1330379161/images/profile_background/gongshuisanye_background.png', 'cloud://prod-4guz1brc55a6d768.7072-prod-4guz1brc55a6d768-1330379161/images/avatar/gongshuisanye_avatar.jpeg', '少女', 0, 0, 2, '宫水三叶，动漫《你的名字》中女主角，生活在日本乡村的普通高中女生。性格开朗，向往都市生活，因奇异现象与东京少年泷交换身体，展开奇妙的交集。她背负着家族巫女的使命，与泷共同穿越时空寻找彼此，为拯救小镇居民而努力，展现出坚韧与温柔的魅力。');
INSERT INTO `girls` (`id`, `name`, `girl_src`, `background_src`, `avatar_src`, `age`, `hot`, `average_rate`, `views`, `introduction`) VALUES (96, '宫园薰', 'cloud://prod-4guz1brc55a6d768.7072-prod-4guz1brc55a6d768-1330379161/images/profile/gongyuanxun_profile.jpeg', 'cloud://prod-4guz1brc55a6d768.7072-prod-4guz1brc55a6d768-1330379161/images/profile_background/gongyuanxun_background.png', 'cloud://prod-4guz1brc55a6d768.7072-prod-4guz1brc55a6d768-1330379161/images/avatar/gongyuanxun_avatar.jpeg', '少女', 0, 0, 4, '宫园薰，动漫《四月是你的谎言》的女主角，天真开朗的小提琴少女，以自由奔放的演奏风格感染人心。她鼓励失去音乐热情的钢琴天才有马公生重新拾起梦想，同时隐藏着自己重病的秘密。薰用短暂而绚烂的生命，教会公生如何直面痛苦与感情，谱写出一段充满希望与感动的青春乐章。');
INSERT INTO `girls` (`id`, `name`, `girl_src`, `background_src`, `avatar_src`, `age`, `hot`, `average_rate`, `views`, `introduction`) VALUES (97, '本间芽衣子', 'cloud://prod-4guz1brc55a6d768.7072-prod-4guz1brc55a6d768-1330379161/images/profile/benjianyayizi_profile.jpeg', 'cloud://prod-4guz1brc55a6d768.7072-prod-4guz1brc55a6d768-1330379161/images/profile_background/benjianyayizi_background.jpeg', 'cloud://prod-4guz1brc55a6d768.7072-prod-4guz1brc55a6d768-1330379161/images/avatar/benjianyayizi_avatar.jpeg', '萝莉', 0, 0, 2, '本间芽衣子，动漫《未闻花名》的主要角色，昵称“面码”。她是个天真无邪、充满活力的小女孩，却因意外早逝，成为其他伙伴心中难以抹去的遗憾。多年后，芽衣子的幽灵出现在挚友仁太面前，希望能实现未完成的心愿，帮助昔日的朋友们重新找回彼此的羁绊，治愈他们内心的伤痛。');
INSERT INTO `girls` (`id`, `name`, `girl_src`, `background_src`, `avatar_src`, `age`, `hot`, `average_rate`, `views`, `introduction`) VALUES (98, '雪之下雪乃', 'cloud://prod-4guz1brc55a6d768.7072-prod-4guz1brc55a6d768-1330379161/images/profile/xuezhixiaxuenai_profile.jpeg', 'cloud://prod-4guz1brc55a6d768.7072-prod-4guz1brc55a6d768-1330379161/images/profile_background/xuezhixiaxuenai_background.png', 'cloud://prod-4guz1brc55a6d768.7072-prod-4guz1brc55a6d768-1330379161/images/avatar/xuezhixiaxuenai_avatar.jpeg', '少女', 0, 0, 3, '雪之下雪乃，动漫《我的青春恋爱物语果然有问题》的女主角之一，才貌兼备却性格冷淡孤傲。作为侍奉社的社长，她以理性和毒舌的方式解决同学们的困扰，展现出高智商与独立思考能力。表面强势的她内心也有柔软的一面，逐渐在与比企谷八幡的相处中展现真诚与情感。');
INSERT INTO `girls` (`id`, `name`, `girl_src`, `background_src`, `avatar_src`, `age`, `hot`, `average_rate`, `views`, `introduction`) VALUES (99, '芭芭拉', 'cloud://prod-4guz1brc55a6d768.7072-prod-4guz1brc55a6d768-1330379161/images/profile/babala_profile.png', 'cloud://prod-4guz1brc55a6d768.7072-prod-4guz1brc55a6d768-1330379161/images/profile_background/babala_background.jpeg', 'cloud://prod-4guz1brc55a6d768.7072-prod-4guz1brc55a6d768-1330379161/images/avatar/babala_avatar.jpeg', '萝莉', 3, 0, 5, '芭芭拉，游戏《原神》中的角色，西风教会的祈礼牧师，同时也是蒙德城的闪耀偶像。她以歌声和水元素魔法治愈人们的身体与心灵。性格阳光乐观，努力通过自身的方式帮助他人，深受蒙德居民喜爱。她相信“切实的努力是最神奇的魔法”，为实现自己的梦想不断前行。');
INSERT INTO `girls` (`id`, `name`, `girl_src`, `background_src`, `avatar_src`, `age`, `hot`, `average_rate`, `views`, `introduction`) VALUES (100, '琪亚娜', 'cloud://prod-4guz1brc55a6d768.7072-prod-4guz1brc55a6d768-1330379161/images/profile/qiyana_profile.jpeg', 'cloud://prod-4guz1brc55a6d768.7072-prod-4guz1brc55a6d768-1330379161/images/profile_background/qiyana_background.jpeg', 'cloud://prod-4guz1brc55a6d768.7072-prod-4guz1brc55a6d768-1330379161/images/avatar/qiyana_avatar.jpeg', '少女', 0, 0, 2, '琪亚娜·卡斯兰娜，游戏《崩坏3》的主角之一，是天命组织的卡斯兰娜家族成员。作为K-423克隆体，她继承了强大的战斗能力和复杂的身份。琪亚娜充满正义感，以保护世界和伙伴为己任，多次面对崩坏的威胁并力挽狂澜。她的成长故事涵盖了友情、牺牲和使命，是一位勇敢无畏的英雄。');
INSERT INTO `girls` (`id`, `name`, `girl_src`, `background_src`, `avatar_src`, `age`, `hot`, `average_rate`, `views`, `introduction`) VALUES (101, '苏暖暖', 'cloud://prod-4guz1brc55a6d768.7072-prod-4guz1brc55a6d768-1330379161/images/profile/sunuanuan_profile_11zon.jpeg', 'cloud://prod-4guz1brc55a6d768.7072-prod-4guz1brc55a6d768-1330379161/images/profile_background/sunuanuan_background_11zon.jpeg', 'cloud://prod-4guz1brc55a6d768.7072-prod-4guz1brc55a6d768-1330379161/images/avatar/sunuannuan_avatar_11zon.jpeg', '少女', 1, 0, 24, '苏暖暖，英文名 Nikki，是游戏《闪耀暖暖》中，热爱服装搭配与设计，喜欢画画、买买买和收集可爱物品的小女生。性格单纯善良，偶尔有些呆萌，喜欢甜品和奶茶，对舞台和镜头充满向往但稍显害羞。苏暖暖擅长折纸，热爱旅行和探索新事物，希望用艺术和创意装点生活。');
COMMIT;

-- ----------------------------
-- Table structure for give_card_records
-- ----------------------------
DROP TABLE IF EXISTS `give_card_records`;
CREATE TABLE `give_card_records` (
  `id` int NOT NULL AUTO_INCREMENT,
  `user_id` int DEFAULT NULL,
  `girl_id` int DEFAULT NULL,
  `given_at` int DEFAULT NULL,
  PRIMARY KEY (`id`),
  KEY `user_id` (`user_id`),
  KEY `girl_id` (`girl_id`)
) ENGINE=InnoDB AUTO_INCREMENT=57 DEFAULT CHARSET=utf8mb4 COLLATE=utf8mb4_general_ci;

-- ----------------------------
-- Records of give_card_records
-- ----------------------------
BEGIN;
INSERT INTO `give_card_records` (`id`, `user_id`, `girl_id`, `given_at`) VALUES (1, 9, 33, 1733214761);
INSERT INTO `give_card_records` (`id`, `user_id`, `girl_id`, `given_at`) VALUES (2, 9, 86, 1733214787);
INSERT INTO `give_card_records` (`id`, `user_id`, `girl_id`, `given_at`) VALUES (3, 1, 38, 1733219333);
INSERT INTO `give_card_records` (`id`, `user_id`, `girl_id`, `given_at`) VALUES (4, 1, 53, 1733219365);
INSERT INTO `give_card_records` (`id`, `user_id`, `girl_id`, `given_at`) VALUES (5, 1, 16, 1733220587);
INSERT INTO `give_card_records` (`id`, `user_id`, `girl_id`, `given_at`) VALUES (6, 6, 86, 1733221102);
INSERT INTO `give_card_records` (`id`, `user_id`, `girl_id`, `given_at`) VALUES (7, 26, 37, 1733223043);
INSERT INTO `give_card_records` (`id`, `user_id`, `girl_id`, `given_at`) VALUES (8, 1, 101, 1733223254);
INSERT INTO `give_card_records` (`id`, `user_id`, `girl_id`, `given_at`) VALUES (9, 1, 4, 1733223533);
INSERT INTO `give_card_records` (`id`, `user_id`, `girl_id`, `given_at`) VALUES (10, 1, 17, 1733223540);
INSERT INTO `give_card_records` (`id`, `user_id`, `girl_id`, `given_at`) VALUES (11, 1, 32, 1733224027);
INSERT INTO `give_card_records` (`id`, `user_id`, `girl_id`, `given_at`) VALUES (12, 1, 45, 1733224034);
INSERT INTO `give_card_records` (`id`, `user_id`, `girl_id`, `given_at`) VALUES (13, 1, 35, 1733224043);
INSERT INTO `give_card_records` (`id`, `user_id`, `girl_id`, `given_at`) VALUES (14, 1, 20, 1733224052);
INSERT INTO `give_card_records` (`id`, `user_id`, `girl_id`, `given_at`) VALUES (15, 1, 36, 1733224190);
INSERT INTO `give_card_records` (`id`, `user_id`, `girl_id`, `given_at`) VALUES (16, 1, 43, 1733224220);
INSERT INTO `give_card_records` (`id`, `user_id`, `girl_id`, `given_at`) VALUES (17, 1, 73, 1733224241);
INSERT INTO `give_card_records` (`id`, `user_id`, `girl_id`, `given_at`) VALUES (18, 1, 33, 1733224292);
INSERT INTO `give_card_records` (`id`, `user_id`, `girl_id`, `given_at`) VALUES (19, 4, 37, 1733224928);
INSERT INTO `give_card_records` (`id`, `user_id`, `girl_id`, `given_at`) VALUES (20, 4, 22, 1733224958);
INSERT INTO `give_card_records` (`id`, `user_id`, `girl_id`, `given_at`) VALUES (21, 4, 33, 1733224972);
INSERT INTO `give_card_records` (`id`, `user_id`, `girl_id`, `given_at`) VALUES (22, 4, 63, 1733225008);
INSERT INTO `give_card_records` (`id`, `user_id`, `girl_id`, `given_at`) VALUES (23, 4, 74, 1733225034);
INSERT INTO `give_card_records` (`id`, `user_id`, `girl_id`, `given_at`) VALUES (24, 31, 7, 1733225401);
INSERT INTO `give_card_records` (`id`, `user_id`, `girl_id`, `given_at`) VALUES (25, 1, 14, 1733226533);
INSERT INTO `give_card_records` (`id`, `user_id`, `girl_id`, `given_at`) VALUES (26, 1, 78, 1733226988);
INSERT INTO `give_card_records` (`id`, `user_id`, `girl_id`, `given_at`) VALUES (27, 1, 67, 1733227001);
INSERT INTO `give_card_records` (`id`, `user_id`, `girl_id`, `given_at`) VALUES (28, 1, 19, 1733227014);
INSERT INTO `give_card_records` (`id`, `user_id`, `girl_id`, `given_at`) VALUES (29, 1, 37, 1733227034);
INSERT INTO `give_card_records` (`id`, `user_id`, `girl_id`, `given_at`) VALUES (30, 1, 86, 1733227068);
INSERT INTO `give_card_records` (`id`, `user_id`, `girl_id`, `given_at`) VALUES (31, 1, 59, 1733227119);
INSERT INTO `give_card_records` (`id`, `user_id`, `girl_id`, `given_at`) VALUES (32, 1, 29, 1733227131);
INSERT INTO `give_card_records` (`id`, `user_id`, `girl_id`, `given_at`) VALUES (33, 1, 34, 1733230119);
INSERT INTO `give_card_records` (`id`, `user_id`, `girl_id`, `given_at`) VALUES (34, 1, 57, 1733230134);
INSERT INTO `give_card_records` (`id`, `user_id`, `girl_id`, `given_at`) VALUES (35, 1, 74, 1733230161);
INSERT INTO `give_card_records` (`id`, `user_id`, `girl_id`, `given_at`) VALUES (36, 1, 24, 1733230193);
INSERT INTO `give_card_records` (`id`, `user_id`, `girl_id`, `given_at`) VALUES (37, 34, 28, 1733231605);
INSERT INTO `give_card_records` (`id`, `user_id`, `girl_id`, `given_at`) VALUES (38, 34, 79, 1733231627);
INSERT INTO `give_card_records` (`id`, `user_id`, `girl_id`, `given_at`) VALUES (39, 34, 34, 1733231643);
INSERT INTO `give_card_records` (`id`, `user_id`, `girl_id`, `given_at`) VALUES (40, 36, 51, 1733233210);
INSERT INTO `give_card_records` (`id`, `user_id`, `girl_id`, `given_at`) VALUES (41, 36, 20, 1733233232);
INSERT INTO `give_card_records` (`id`, `user_id`, `girl_id`, `given_at`) VALUES (42, 36, 62, 1733233259);
INSERT INTO `give_card_records` (`id`, `user_id`, `girl_id`, `given_at`) VALUES (43, 36, 57, 1733233274);
INSERT INTO `give_card_records` (`id`, `user_id`, `girl_id`, `given_at`) VALUES (44, 36, 41, 1733233285);
INSERT INTO `give_card_records` (`id`, `user_id`, `girl_id`, `given_at`) VALUES (45, 36, 5, 1733233326);
INSERT INTO `give_card_records` (`id`, `user_id`, `girl_id`, `given_at`) VALUES (46, 3, 15, 1733236455);
INSERT INTO `give_card_records` (`id`, `user_id`, `girl_id`, `given_at`) VALUES (47, 1, 86, 1733241672);
INSERT INTO `give_card_records` (`id`, `user_id`, `girl_id`, `given_at`) VALUES (48, 1, 4, 1733241686);
INSERT INTO `give_card_records` (`id`, `user_id`, `girl_id`, `given_at`) VALUES (49, 1, 51, 1733241689);
INSERT INTO `give_card_records` (`id`, `user_id`, `girl_id`, `given_at`) VALUES (50, 1, 37, 1733241692);
INSERT INTO `give_card_records` (`id`, `user_id`, `girl_id`, `given_at`) VALUES (51, 1, 19, 1733241724);
INSERT INTO `give_card_records` (`id`, `user_id`, `girl_id`, `given_at`) VALUES (52, 1, 55, 1733241744);
INSERT INTO `give_card_records` (`id`, `user_id`, `girl_id`, `given_at`) VALUES (53, 34, 33, 1733244859);
INSERT INTO `give_card_records` (`id`, `user_id`, `girl_id`, `given_at`) VALUES (54, 42, 39, 1733270083);
INSERT INTO `give_card_records` (`id`, `user_id`, `girl_id`, `given_at`) VALUES (55, 6, 7, 1733273030);
INSERT INTO `give_card_records` (`id`, `user_id`, `girl_id`, `given_at`) VALUES (56, 6, 86, 1733273404);
COMMIT;

-- ----------------------------
-- Table structure for give_like_records
-- ----------------------------
DROP TABLE IF EXISTS `give_like_records`;
CREATE TABLE `give_like_records` (
  `id` int NOT NULL AUTO_INCREMENT,
  `user_id` int DEFAULT NULL,
  `girl_id` int DEFAULT NULL,
  `created_at` int DEFAULT NULL,
  PRIMARY KEY (`id`),
  KEY `user_id` (`user_id`),
  KEY `girl_id` (`girl_id`)
) ENGINE=InnoDB AUTO_INCREMENT=37 DEFAULT CHARSET=utf8mb4 COLLATE=utf8mb4_general_ci;

-- ----------------------------
-- Records of give_like_records
-- ----------------------------
BEGIN;
INSERT INTO `give_like_records` (`id`, `user_id`, `girl_id`, `created_at`) VALUES (1, 9, 33, 1733214767);
INSERT INTO `give_like_records` (`id`, `user_id`, `girl_id`, `created_at`) VALUES (2, 9, 86, 1733214790);
INSERT INTO `give_like_records` (`id`, `user_id`, `girl_id`, `created_at`) VALUES (3, 6, 86, 1733221113);
INSERT INTO `give_like_records` (`id`, `user_id`, `girl_id`, `created_at`) VALUES (4, 1, 45, 1733224037);
INSERT INTO `give_like_records` (`id`, `user_id`, `girl_id`, `created_at`) VALUES (6, 1, 38, 1733224094);
INSERT INTO `give_like_records` (`id`, `user_id`, `girl_id`, `created_at`) VALUES (7, 4, 37, 1733224935);
INSERT INTO `give_like_records` (`id`, `user_id`, `girl_id`, `created_at`) VALUES (8, 31, 7, 1733225427);
INSERT INTO `give_like_records` (`id`, `user_id`, `girl_id`, `created_at`) VALUES (9, 1, 78, 1733226991);
INSERT INTO `give_like_records` (`id`, `user_id`, `girl_id`, `created_at`) VALUES (12, 1, 26, 1733230277);
INSERT INTO `give_like_records` (`id`, `user_id`, `girl_id`, `created_at`) VALUES (14, 1, 99, 1733230935);
INSERT INTO `give_like_records` (`id`, `user_id`, `girl_id`, `created_at`) VALUES (15, 1, 76, 1733231046);
INSERT INTO `give_like_records` (`id`, `user_id`, `girl_id`, `created_at`) VALUES (16, 34, 28, 1733231615);
INSERT INTO `give_like_records` (`id`, `user_id`, `girl_id`, `created_at`) VALUES (18, 1, 14, 1733231624);
INSERT INTO `give_like_records` (`id`, `user_id`, `girl_id`, `created_at`) VALUES (19, 34, 79, 1733231632);
INSERT INTO `give_like_records` (`id`, `user_id`, `girl_id`, `created_at`) VALUES (21, 1, 19, 1733231975);
INSERT INTO `give_like_records` (`id`, `user_id`, `girl_id`, `created_at`) VALUES (24, 36, 51, 1733233216);
INSERT INTO `give_like_records` (`id`, `user_id`, `girl_id`, `created_at`) VALUES (25, 36, 20, 1733233236);
INSERT INTO `give_like_records` (`id`, `user_id`, `girl_id`, `created_at`) VALUES (26, 36, 62, 1733233262);
INSERT INTO `give_like_records` (`id`, `user_id`, `girl_id`, `created_at`) VALUES (27, 36, 57, 1733233278);
INSERT INTO `give_like_records` (`id`, `user_id`, `girl_id`, `created_at`) VALUES (28, 36, 41, 1733233288);
INSERT INTO `give_like_records` (`id`, `user_id`, `girl_id`, `created_at`) VALUES (29, 36, 5, 1733233329);
INSERT INTO `give_like_records` (`id`, `user_id`, `girl_id`, `created_at`) VALUES (30, 28, 4, 1733235392);
INSERT INTO `give_like_records` (`id`, `user_id`, `girl_id`, `created_at`) VALUES (33, 1, 86, 1733269702);
INSERT INTO `give_like_records` (`id`, `user_id`, `girl_id`, `created_at`) VALUES (34, 42, 39, 1733270097);
INSERT INTO `give_like_records` (`id`, `user_id`, `girl_id`, `created_at`) VALUES (35, 6, 7, 1733273035);
COMMIT;

-- ----------------------------
-- Table structure for give_rate_records
-- ----------------------------
DROP TABLE IF EXISTS `give_rate_records`;
CREATE TABLE `give_rate_records` (
  `id` int NOT NULL AUTO_INCREMENT,
  `user_id` int DEFAULT NULL,
  `girl_id` int DEFAULT NULL,
  `rating` int DEFAULT NULL,
  `rated_at` int DEFAULT NULL,
  PRIMARY KEY (`id`),
  KEY `idx_user_girl` (`user_id`,`girl_id`) USING BTREE
) ENGINE=InnoDB AUTO_INCREMENT=42 DEFAULT CHARSET=utf8mb4 COLLATE=utf8mb4_general_ci;

-- ----------------------------
-- Records of give_rate_records
-- ----------------------------
BEGIN;
INSERT INTO `give_rate_records` (`id`, `user_id`, `girl_id`, `rating`, `rated_at`) VALUES (1, 9, 33, 5, 1733214767);
INSERT INTO `give_rate_records` (`id`, `user_id`, `girl_id`, `rating`, `rated_at`) VALUES (2, 9, 86, 5, 1733214790);
INSERT INTO `give_rate_records` (`id`, `user_id`, `girl_id`, `rating`, `rated_at`) VALUES (3, 14, 31, 5, 1733219943);
INSERT INTO `give_rate_records` (`id`, `user_id`, `girl_id`, `rating`, `rated_at`) VALUES (4, 14, 32, 5, 1733219947);
INSERT INTO `give_rate_records` (`id`, `user_id`, `girl_id`, `rating`, `rated_at`) VALUES (5, 14, 36, 5, 1733219970);
INSERT INTO `give_rate_records` (`id`, `user_id`, `girl_id`, `rating`, `rated_at`) VALUES (6, 14, 57, 5, 1733219982);
INSERT INTO `give_rate_records` (`id`, `user_id`, `girl_id`, `rating`, `rated_at`) VALUES (7, 6, 86, 5, 1733221115);
INSERT INTO `give_rate_records` (`id`, `user_id`, `girl_id`, `rating`, `rated_at`) VALUES (8, 28, 29, 5, 1733221785);
INSERT INTO `give_rate_records` (`id`, `user_id`, `girl_id`, `rating`, `rated_at`) VALUES (9, 27, 16, 5, 1733222202);
INSERT INTO `give_rate_records` (`id`, `user_id`, `girl_id`, `rating`, `rated_at`) VALUES (10, 1, 4, 5, 1733223535);
INSERT INTO `give_rate_records` (`id`, `user_id`, `girl_id`, `rating`, `rated_at`) VALUES (11, 1, 17, 5, 1733223542);
INSERT INTO `give_rate_records` (`id`, `user_id`, `girl_id`, `rating`, `rated_at`) VALUES (12, 31, 7, 5, 1733225427);
INSERT INTO `give_rate_records` (`id`, `user_id`, `girl_id`, `rating`, `rated_at`) VALUES (13, 1, 53, 5, 1733227087);
INSERT INTO `give_rate_records` (`id`, `user_id`, `girl_id`, `rating`, `rated_at`) VALUES (14, 1, 19, 5, 1733227246);
INSERT INTO `give_rate_records` (`id`, `user_id`, `girl_id`, `rating`, `rated_at`) VALUES (15, 1, 86, 5, 1733230694);
INSERT INTO `give_rate_records` (`id`, `user_id`, `girl_id`, `rating`, `rated_at`) VALUES (16, 1, 29, 5, 1733231066);
INSERT INTO `give_rate_records` (`id`, `user_id`, `girl_id`, `rating`, `rated_at`) VALUES (17, 34, 28, 5, 1733231615);
INSERT INTO `give_rate_records` (`id`, `user_id`, `girl_id`, `rating`, `rated_at`) VALUES (18, 34, 79, 5, 1733231632);
INSERT INTO `give_rate_records` (`id`, `user_id`, `girl_id`, `rating`, `rated_at`) VALUES (19, 34, 34, 5, 1733231646);
INSERT INTO `give_rate_records` (`id`, `user_id`, `girl_id`, `rating`, `rated_at`) VALUES (20, 1, 32, 5, 1733231655);
INSERT INTO `give_rate_records` (`id`, `user_id`, `girl_id`, `rating`, `rated_at`) VALUES (21, 1, 20, 5, 1733231744);
INSERT INTO `give_rate_records` (`id`, `user_id`, `girl_id`, `rating`, `rated_at`) VALUES (22, 1, 28, 5, 1733232000);
INSERT INTO `give_rate_records` (`id`, `user_id`, `girl_id`, `rating`, `rated_at`) VALUES (23, 35, 66, 5, 1733232997);
INSERT INTO `give_rate_records` (`id`, `user_id`, `girl_id`, `rating`, `rated_at`) VALUES (24, 36, 51, 5, 1733233216);
INSERT INTO `give_rate_records` (`id`, `user_id`, `girl_id`, `rating`, `rated_at`) VALUES (25, 36, 20, 5, 1733233236);
INSERT INTO `give_rate_records` (`id`, `user_id`, `girl_id`, `rating`, `rated_at`) VALUES (26, 36, 62, 5, 1733233262);
INSERT INTO `give_rate_records` (`id`, `user_id`, `girl_id`, `rating`, `rated_at`) VALUES (27, 36, 57, 5, 1733233279);
INSERT INTO `give_rate_records` (`id`, `user_id`, `girl_id`, `rating`, `rated_at`) VALUES (28, 36, 41, 5, 1733233288);
INSERT INTO `give_rate_records` (`id`, `user_id`, `girl_id`, `rating`, `rated_at`) VALUES (29, 36, 5, 5, 1733233329);
INSERT INTO `give_rate_records` (`id`, `user_id`, `girl_id`, `rating`, `rated_at`) VALUES (30, 39, 86, 5, 1733235173);
INSERT INTO `give_rate_records` (`id`, `user_id`, `girl_id`, `rating`, `rated_at`) VALUES (31, 39, 77, 5, 1733235202);
INSERT INTO `give_rate_records` (`id`, `user_id`, `girl_id`, `rating`, `rated_at`) VALUES (32, 3, 15, 5, 1733236459);
INSERT INTO `give_rate_records` (`id`, `user_id`, `girl_id`, `rating`, `rated_at`) VALUES (33, 1, 51, 5, 1733236805);
INSERT INTO `give_rate_records` (`id`, `user_id`, `girl_id`, `rating`, `rated_at`) VALUES (34, 1, 8, 5, 1733236915);
INSERT INTO `give_rate_records` (`id`, `user_id`, `girl_id`, `rating`, `rated_at`) VALUES (35, 1, 92, 4, 1733238798);
INSERT INTO `give_rate_records` (`id`, `user_id`, `girl_id`, `rating`, `rated_at`) VALUES (36, 1, 6, 5, 1733238809);
INSERT INTO `give_rate_records` (`id`, `user_id`, `girl_id`, `rating`, `rated_at`) VALUES (37, 1, 67, 5, 1733238816);
INSERT INTO `give_rate_records` (`id`, `user_id`, `girl_id`, `rating`, `rated_at`) VALUES (38, 34, 33, 5, 1733244866);
INSERT INTO `give_rate_records` (`id`, `user_id`, `girl_id`, `rating`, `rated_at`) VALUES (39, 1, 78, 5, 1733269777);
INSERT INTO `give_rate_records` (`id`, `user_id`, `girl_id`, `rating`, `rated_at`) VALUES (40, 42, 39, 5, 1733270116);
INSERT INTO `give_rate_records` (`id`, `user_id`, `girl_id`, `rating`, `rated_at`) VALUES (41, 6, 7, 5, 1733273035);
COMMIT;

-- ----------------------------
-- Table structure for user_infos
-- ----------------------------
DROP TABLE IF EXISTS `user_infos`;
CREATE TABLE `user_infos` (
  `id` int NOT NULL AUTO_INCREMENT,
  `open_id` varchar(255) CHARACTER SET utf8mb4 COLLATE utf8mb4_general_ci DEFAULT NULL,
  `nick_name` varchar(255) CHARACTER SET utf8mb4 COLLATE utf8mb4_general_ci DEFAULT NULL,
  `card_count` int DEFAULT '0',
  `avatar_url` varchar(255) CHARACTER SET utf8mb4 COLLATE utf8mb4_general_ci DEFAULT NULL,
  `login_time` bigint DEFAULT NULL,
  `create_time` bigint DEFAULT NULL,
  `user_hot` int DEFAULT '0',
  PRIMARY KEY (`id`) USING BTREE
) ENGINE=InnoDB AUTO_INCREMENT=44 DEFAULT CHARSET=utf8mb4 COLLATE=utf8mb4_general_ci;

-- ----------------------------
-- Records of user_infos
-- ----------------------------
BEGIN;
INSERT INTO `user_infos` (`id`, `open_id`, `nick_name`, `card_count`, `avatar_url`, `login_time`, `create_time`, `user_hot`) VALUES (1, 'oBJqO7b-eW2EyiVbvskyQCBJ63rA', '纸片社社长', 0, 'cloud://prod-4guz1brc55a6d768.7072-prod-4guz1brc55a6d768-1330379161/user-avatar/userID=1_time=1733232185336.png', 1733283203, 1732700695, 74);
INSERT INTO `user_infos` (`id`, `open_id`, `nick_name`, `card_count`, `avatar_url`, `login_time`, `create_time`, `user_hot`) VALUES (2, 'oBJqO7d5iAD6JU2Vawy4EIdUttCY', '听风的鱼', 20, 'https://thirdwx.qlogo.cn/mmopen/vi_32/POgEwh4mIHO4nibH0KlMECNjjGxQUq24ZEaGT4poC6icRiccVGKSyXwibcPq4BWmiaIGuG1icwxaQX6grC9VemZoJ8rg/132', 1732700786, 1732700784, 0);
INSERT INTO `user_infos` (`id`, `open_id`, `nick_name`, `card_count`, `avatar_url`, `login_time`, `create_time`, `user_hot`) VALUES (3, 'oBJqO7aDAEcV5krqWJWvZhyDRYLs', '新同学3', 25, 'https://thirdwx.qlogo.cn/mmopen/vi_32/POgEwh4mIHO4nibH0KlMECNjjGxQUq24ZEaGT4poC6icRiccVGKSyXwibcPq4BWmiaIGuG1icwxaQX6grC9VemZoJ8rg/132', 1733236459, 1732700884, 2);
INSERT INTO `user_infos` (`id`, `open_id`, `nick_name`, `card_count`, `avatar_url`, `login_time`, `create_time`, `user_hot`) VALUES (4, 'oBJqO7eN4J1m-hGCgudEp1uIkJfw', '新同学4', 21, 'https://thirdwx.qlogo.cn/mmopen/vi_32/POgEwh4mIHO4nibH0KlMECNjjGxQUq24ZEaGT4poC6icRiccVGKSyXwibcPq4BWmiaIGuG1icwxaQX6grC9VemZoJ8rg/132', 1733225099, 1732700884, 8);
INSERT INTO `user_infos` (`id`, `open_id`, `nick_name`, `card_count`, `avatar_url`, `login_time`, `create_time`, `user_hot`) VALUES (5, 'oBJqO7R_S1zRwds0WHrngNoi1Rao', '新同学5', 20, 'https://thirdwx.qlogo.cn/mmopen/vi_32/POgEwh4mIHO4nibH0KlMECNjjGxQUq24ZEaGT4poC6icRiccVGKSyXwibcPq4BWmiaIGuG1icwxaQX6grC9VemZoJ8rg/132', 1732701983, 1732700927, 0);
INSERT INTO `user_infos` (`id`, `open_id`, `nick_name`, `card_count`, `avatar_url`, `login_time`, `create_time`, `user_hot`) VALUES (6, 'oBJqO7TENHAhnqs2BX78BstvsFUI', '宝牛儿', 29, 'cloud://prod-4guz1brc55a6d768.7072-prod-4guz1brc55a6d768-1330379161/user-avatar/userID=6_time=1732701085034.png', 1733273398, 1732700964, 11);
INSERT INTO `user_infos` (`id`, `open_id`, `nick_name`, `card_count`, `avatar_url`, `login_time`, `create_time`, `user_hot`) VALUES (8, 'oBJqO7dUf5ltAjtuMT6pqMt1ja1g', '新同学8', 26, 'https://thirdwx.qlogo.cn/mmopen/vi_32/POgEwh4mIHO4nibH0KlMECNjjGxQUq24ZEaGT4poC6icRiccVGKSyXwibcPq4BWmiaIGuG1icwxaQX6grC9VemZoJ8rg/132', 1733218825, 1732701676, 0);
INSERT INTO `user_infos` (`id`, `open_id`, `nick_name`, `card_count`, `avatar_url`, `login_time`, `create_time`, `user_hot`) VALUES (9, 'oBJqO7ZX8peZitIxoBeEAbbkFG0o', '好起来了', 24, 'cloud://prod-4guz1brc55a6d768.7072-prod-4guz1brc55a6d768-1330379161/user-avatar/userID=9_time=1732937901629.png', 1733214767, 1732701873, 10);
INSERT INTO `user_infos` (`id`, `open_id`, `nick_name`, `card_count`, `avatar_url`, `login_time`, `create_time`, `user_hot`) VALUES (10, 'oBJqO7ThEAEFfwh2hanf7dip-g30', '新同学10', 20, 'https://thirdwx.qlogo.cn/mmopen/vi_32/POgEwh4mIHO4nibH0KlMECNjjGxQUq24ZEaGT4poC6icRiccVGKSyXwibcPq4BWmiaIGuG1icwxaQX6grC9VemZoJ8rg/132', 1732879641, 1732702111, 0);
INSERT INTO `user_infos` (`id`, `open_id`, `nick_name`, `card_count`, `avatar_url`, `login_time`, `create_time`, `user_hot`) VALUES (11, 'oBJqO7UqVh5so4VMLzaiRk0JyP04', '新同学11', 20, 'https://thirdwx.qlogo.cn/mmopen/vi_32/POgEwh4mIHO4nibH0KlMECNjjGxQUq24ZEaGT4poC6icRiccVGKSyXwibcPq4BWmiaIGuG1icwxaQX6grC9VemZoJ8rg/132', 1732702579, 1732702543, 0);
INSERT INTO `user_infos` (`id`, `open_id`, `nick_name`, `card_count`, `avatar_url`, `login_time`, `create_time`, `user_hot`) VALUES (12, 'oBJqO7fheMx2F96i1JOgYr7-ZJWQ', '新同学12', 20, 'https://thirdwx.qlogo.cn/mmopen/vi_32/POgEwh4mIHO4nibH0KlMECNjjGxQUq24ZEaGT4poC6icRiccVGKSyXwibcPq4BWmiaIGuG1icwxaQX6grC9VemZoJ8rg/132', 1732702772, 1732702653, 0);
INSERT INTO `user_infos` (`id`, `open_id`, `nick_name`, `card_count`, `avatar_url`, `login_time`, `create_time`, `user_hot`) VALUES (13, 'oBJqO7UCJ13FiORWWS8drJ4cTDr8', 'Duanss', 20, 'cloud://prod-4guz1brc55a6d768.7072-prod-4guz1brc55a6d768-1330379161/user-avatar/userID=13_time=1732704020107.png', 1732704265, 1732703995, 0);
INSERT INTO `user_infos` (`id`, `open_id`, `nick_name`, `card_count`, `avatar_url`, `login_time`, `create_time`, `user_hot`) VALUES (14, 'oBJqO7dJ8wUPjyVpA3RQJuLZeVfI', '龙', 26, 'https://thirdwx.qlogo.cn/mmopen/vi_32/POgEwh4mIHO4nibH0KlMECNjjGxQUq24ZEaGT4poC6icRiccVGKSyXwibcPq4BWmiaIGuG1icwxaQX6grC9VemZoJ8rg/132', 1733219982, 1732763980, 4);
INSERT INTO `user_infos` (`id`, `open_id`, `nick_name`, `card_count`, `avatar_url`, `login_time`, `create_time`, `user_hot`) VALUES (15, 'oBJqO7c_kYmV60sjTbAWMRFPugKs', '新同学15', 20, 'https://thirdwx.qlogo.cn/mmopen/vi_32/POgEwh4mIHO4nibH0KlMECNjjGxQUq24ZEaGT4poC6icRiccVGKSyXwibcPq4BWmiaIGuG1icwxaQX6grC9VemZoJ8rg/132', 1732765654, 1732765608, 0);
INSERT INTO `user_infos` (`id`, `open_id`, `nick_name`, `card_count`, `avatar_url`, `login_time`, `create_time`, `user_hot`) VALUES (16, 'oBJqO7bS3eIoLfNbW2WkxxWSuvX8', '新同学16', 20, '', 1733126157, 1732939943, 0);
INSERT INTO `user_infos` (`id`, `open_id`, `nick_name`, `card_count`, `avatar_url`, `login_time`, `create_time`, `user_hot`) VALUES (17, 'oBJqO7eOYfkumqXnCsTGAv2Na9F8', '新同学17', 26, '', 1733214636, 1732939959, 0);
INSERT INTO `user_infos` (`id`, `open_id`, `nick_name`, `card_count`, `avatar_url`, `login_time`, `create_time`, `user_hot`) VALUES (18, 'oBJqO7XCviaJafW5bZec3EM7mdEo', '新同学18', 20, '', 1733147595, 1732939959, 0);
INSERT INTO `user_infos` (`id`, `open_id`, `nick_name`, `card_count`, `avatar_url`, `login_time`, `create_time`, `user_hot`) VALUES (19, 'oBJqO7UohXr3Je8MNNtz09ugmQQ0', '测试号1', 26, 'https://thirdwx.qlogo.cn/mmopen/vi_32/POgEwh4mIHO4nibH0KlMECNjjGxQUq24ZEaGT4poC6icRiccVGKSyXwibcPq4BWmiaIGuG1icwxaQX6grC9VemZoJ8rg/132', 1733273751, 1732960970, 0);
INSERT INTO `user_infos` (`id`, `open_id`, `nick_name`, `card_count`, `avatar_url`, `login_time`, `create_time`, `user_hot`) VALUES (20, 'oBJqO7ZHRn2B0FcpSfE2kkosdeRs', '新同学20', 20, 'https://thirdwx.qlogo.cn/mmopen/vi_32/POgEwh4mIHO4nibH0KlMECNjjGxQUq24ZEaGT4poC6icRiccVGKSyXwibcPq4BWmiaIGuG1icwxaQX6grC9VemZoJ8rg/132', 1732965048, 1732965014, 0);
INSERT INTO `user_infos` (`id`, `open_id`, `nick_name`, `card_count`, `avatar_url`, `login_time`, `create_time`, `user_hot`) VALUES (21, 'oBJqO7XLESPpQUbSM_Dwr7-0htXA', '言棠yu', 20, 'cloud://prod-4guz1brc55a6d768.7072-prod-4guz1brc55a6d768-1330379161/user-avatar/userID=21_time=1732966943463.png', 1732967006, 1732966886, 0);
INSERT INTO `user_infos` (`id`, `open_id`, `nick_name`, `card_count`, `avatar_url`, `login_time`, `create_time`, `user_hot`) VALUES (22, 'oBJqO7ZnhBxyO3kaVpEaFrxbUUls', '新同学22', 20, '', 1733147586, 1733126176, 0);
INSERT INTO `user_infos` (`id`, `open_id`, `nick_name`, `card_count`, `avatar_url`, `login_time`, `create_time`, `user_hot`) VALUES (23, 'oBJqO7QXPYK0-Aggi2t8oIm2z0FI', '新同学23', 12, '', 1733214657, 1733214657, 0);
INSERT INTO `user_infos` (`id`, `open_id`, `nick_name`, `card_count`, `avatar_url`, `login_time`, `create_time`, `user_hot`) VALUES (24, 'oBJqO7QGnyi96YGZMzTyaoy2LRHU', '新同学24', 12, '', 1733214672, 1733214672, 0);
INSERT INTO `user_infos` (`id`, `open_id`, `nick_name`, `card_count`, `avatar_url`, `login_time`, `create_time`, `user_hot`) VALUES (25, 'oBJqO7T7WCfPgnv3Vnb8erZwhYes', '墨丘俐', 12, 'https://thirdwx.qlogo.cn/mmopen/vi_32/POgEwh4mIHO4nibH0KlMECNjjGxQUq24ZEaGT4poC6icRiccVGKSyXwibcPq4BWmiaIGuG1icwxaQX6grC9VemZoJ8rg/132', 1733220074, 1733219962, 0);
INSERT INTO `user_infos` (`id`, `open_id`, `nick_name`, `card_count`, `avatar_url`, `login_time`, `create_time`, `user_hot`) VALUES (26, 'oBJqO7QFQRIzl6ZkVdp4CmCt6dVw', 'Evangeline', 11, 'https://thirdwx.qlogo.cn/mmopen/vi_32/POgEwh4mIHO4nibH0KlMECNjjGxQUq24ZEaGT4poC6icRiccVGKSyXwibcPq4BWmiaIGuG1icwxaQX6grC9VemZoJ8rg/132', 1733222972, 1733219967, 1);
INSERT INTO `user_infos` (`id`, `open_id`, `nick_name`, `card_count`, `avatar_url`, `login_time`, `create_time`, `user_hot`) VALUES (27, 'oBJqO7SCX5biIn6uVfDOJl87zTYQ', '大白白', 12, 'cloud://prod-4guz1brc55a6d768.7072-prod-4guz1brc55a6d768-1330379161/user-avatar/userID=27_time=1733221648003.png', 1733221942, 1733221612, 1);
INSERT INTO `user_infos` (`id`, `open_id`, `nick_name`, `card_count`, `avatar_url`, `login_time`, `create_time`, `user_hot`) VALUES (28, 'oBJqO7YSKE6SgiDxLhfXKTuFTwdY', '新同学28', 12, 'https://thirdwx.qlogo.cn/mmopen/vi_32/POgEwh4mIHO4nibH0KlMECNjjGxQUq24ZEaGT4poC6icRiccVGKSyXwibcPq4BWmiaIGuG1icwxaQX6grC9VemZoJ8rg/132', 1733235392, 1733221693, 4);
INSERT INTO `user_infos` (`id`, `open_id`, `nick_name`, `card_count`, `avatar_url`, `login_time`, `create_time`, `user_hot`) VALUES (29, 'oBJqO7SmDMjbjo6FARbj4zcpIx_U', '新同学29', 12, 'https://thirdwx.qlogo.cn/mmopen/vi_32/POgEwh4mIHO4nibH0KlMECNjjGxQUq24ZEaGT4poC6icRiccVGKSyXwibcPq4BWmiaIGuG1icwxaQX6grC9VemZoJ8rg/132', 1733222655, 1733222626, 0);
INSERT INTO `user_infos` (`id`, `open_id`, `nick_name`, `card_count`, `avatar_url`, `login_time`, `create_time`, `user_hot`) VALUES (30, 'oBJqO7ddNEZOoN2By2pNgyztW1NE', '新同学30', 12, 'cloud://prod-4guz1brc55a6d768.7072-prod-4guz1brc55a6d768-1330379161/user-avatar/userID=30_time=1733223818999.png', 1733223825, 1733223777, 0);
INSERT INTO `user_infos` (`id`, `open_id`, `nick_name`, `card_count`, `avatar_url`, `login_time`, `create_time`, `user_hot`) VALUES (31, 'oBJqO7c9UYQY2iccynA4j23XetlQ', '牢江', 11, 'https://thirdwx.qlogo.cn/mmopen/vi_32/POgEwh4mIHO4nibH0KlMECNjjGxQUq24ZEaGT4poC6icRiccVGKSyXwibcPq4BWmiaIGuG1icwxaQX6grC9VemZoJ8rg/132', 1733225427, 1733225316, 5);
INSERT INTO `user_infos` (`id`, `open_id`, `nick_name`, `card_count`, `avatar_url`, `login_time`, `create_time`, `user_hot`) VALUES (32, 'oBJqO7QGApQVl8bLqCwvKIuA-_6E', '我就是个大头菜', 12, 'cloud://prod-4guz1brc55a6d768.7072-prod-4guz1brc55a6d768-1330379161/user-avatar/userID=32_time=1733225438153.png', 1733225447, 1733225373, 0);
INSERT INTO `user_infos` (`id`, `open_id`, `nick_name`, `card_count`, `avatar_url`, `login_time`, `create_time`, `user_hot`) VALUES (33, 'oBJqO7SSN9diSCBXSon4MnOMUIo0', '新同学33', 12, 'https://thirdwx.qlogo.cn/mmopen/vi_32/POgEwh4mIHO4nibH0KlMECNjjGxQUq24ZEaGT4poC6icRiccVGKSyXwibcPq4BWmiaIGuG1icwxaQX6grC9VemZoJ8rg/132', 1733230147, 1733230145, 0);
INSERT INTO `user_infos` (`id`, `open_id`, `nick_name`, `card_count`, `avatar_url`, `login_time`, `create_time`, `user_hot`) VALUES (34, 'oBJqO7ZEcQI-wRSJ37vN5_II1LRw', '暴克尔', 14, 'https://thirdwx.qlogo.cn/mmopen/vi_32/POgEwh4mIHO4nibH0KlMECNjjGxQUq24ZEaGT4poC6icRiccVGKSyXwibcPq4BWmiaIGuG1icwxaQX6grC9VemZoJ8rg/132', 1733244845, 1733231505, 14);
INSERT INTO `user_infos` (`id`, `open_id`, `nick_name`, `card_count`, `avatar_url`, `login_time`, `create_time`, `user_hot`) VALUES (35, 'oBJqO7cMas5_UYaVoXrF7VZu1IKM', 'HArry', 12, 'https://thirdwx.qlogo.cn/mmopen/vi_32/POgEwh4mIHO4nibH0KlMECNjjGxQUq24ZEaGT4poC6icRiccVGKSyXwibcPq4BWmiaIGuG1icwxaQX6grC9VemZoJ8rg/132', 1733233032, 1733232921, 1);
INSERT INTO `user_infos` (`id`, `open_id`, `nick_name`, `card_count`, `avatar_url`, `login_time`, `create_time`, `user_hot`) VALUES (36, 'oBJqO7Z5Z1IVzjWvziWnzJTgZc3c', '于书航真帅', 6, 'https://thirdwx.qlogo.cn/mmopen/vi_32/POgEwh4mIHO4nibH0KlMECNjjGxQUq24ZEaGT4poC6icRiccVGKSyXwibcPq4BWmiaIGuG1icwxaQX6grC9VemZoJ8rg/132', 1733233329, 1733233145, 30);
INSERT INTO `user_infos` (`id`, `open_id`, `nick_name`, `card_count`, `avatar_url`, `login_time`, `create_time`, `user_hot`) VALUES (37, 'oBJqO7eDjz3MmUTK3Mt_dcpP6Sms', '新同学37', 12, 'https://thirdwx.qlogo.cn/mmopen/vi_32/POgEwh4mIHO4nibH0KlMECNjjGxQUq24ZEaGT4poC6icRiccVGKSyXwibcPq4BWmiaIGuG1icwxaQX6grC9VemZoJ8rg/132', 1733234837, 1733234835, 0);
INSERT INTO `user_infos` (`id`, `open_id`, `nick_name`, `card_count`, `avatar_url`, `login_time`, `create_time`, `user_hot`) VALUES (38, 'oBJqO7W9HzO7UdJ-mtwAM1zSR7ss', '新同学38', 12, 'https://thirdwx.qlogo.cn/mmopen/vi_32/POgEwh4mIHO4nibH0KlMECNjjGxQUq24ZEaGT4poC6icRiccVGKSyXwibcPq4BWmiaIGuG1icwxaQX6grC9VemZoJ8rg/132', 1733235240, 1733235130, 0);
INSERT INTO `user_infos` (`id`, `open_id`, `nick_name`, `card_count`, `avatar_url`, `login_time`, `create_time`, `user_hot`) VALUES (39, 'oBJqO7VW02gV5GWZWuXHLH2O6bdA', '新同学39', 12, 'https://thirdwx.qlogo.cn/mmopen/vi_32/POgEwh4mIHO4nibH0KlMECNjjGxQUq24ZEaGT4poC6icRiccVGKSyXwibcPq4BWmiaIGuG1icwxaQX6grC9VemZoJ8rg/132', 1733235188, 1733235143, 2);
INSERT INTO `user_infos` (`id`, `open_id`, `nick_name`, `card_count`, `avatar_url`, `login_time`, `create_time`, `user_hot`) VALUES (40, 'oBJqO7XVu-zgdhOUjQw8r5NrXBO0', '新同学40', 12, 'https://thirdwx.qlogo.cn/mmopen/vi_32/POgEwh4mIHO4nibH0KlMECNjjGxQUq24ZEaGT4poC6icRiccVGKSyXwibcPq4BWmiaIGuG1icwxaQX6grC9VemZoJ8rg/132', 1733235417, 1733235415, 0);
INSERT INTO `user_infos` (`id`, `open_id`, `nick_name`, `card_count`, `avatar_url`, `login_time`, `create_time`, `user_hot`) VALUES (41, 'oBJqO7SEB1IsjK1FayxzFtniIFjI', '可爱的塔娅娅公主', 12, 'cloud://prod-4guz1brc55a6d768.7072-prod-4guz1brc55a6d768-1330379161/user-avatar/userID=41_time=1733242042994.png', 1733243516, 1733241988, 0);
INSERT INTO `user_infos` (`id`, `open_id`, `nick_name`, `card_count`, `avatar_url`, `login_time`, `create_time`, `user_hot`) VALUES (42, 'oBJqO7cZi4HmsLXZZz6XzH-tIgtI', '银杏子', 11, 'cloud://prod-4guz1brc55a6d768.7072-prod-4guz1brc55a6d768-1330379161/user-avatar/userID=42_time=1733269968476.png', 1733270136, 1733269864, 5);
INSERT INTO `user_infos` (`id`, `open_id`, `nick_name`, `card_count`, `avatar_url`, `login_time`, `create_time`, `user_hot`) VALUES (43, 'oBJqO7U5GPttV2vyQHSZZl0gagWw', '新同学43', 12, 'https://thirdwx.qlogo.cn/mmopen/vi_32/POgEwh4mIHO4nibH0KlMECNjjGxQUq24ZEaGT4poC6icRiccVGKSyXwibcPq4BWmiaIGuG1icwxaQX6grC9VemZoJ8rg/132', 1733278504, 1733278472, 0);
COMMIT;

-- ----------------------------
-- Triggers structure for table girls
-- ----------------------------
DROP TRIGGER IF EXISTS `after_girl_insert`;
delimiter ;;
CREATE TRIGGER `paper_society`.`after_girl_insert` AFTER INSERT ON `girls` FOR EACH ROW BEGIN
    INSERT INTO girl_statistics (girl_id, card_num, like_num, rate_num_one, rate_num_two, rate_num_three, rate_num_four, rate_num_five)
    VALUES (NEW.id, 0, 0, 0, 0, 0, 0, 0);
END
;;
delimiter ;

SET FOREIGN_KEY_CHECKS = 1;
